"Label (Grouping)","ZCTA5 48809!!Estimate","ZCTA5 48809!!Margin of Error","ZCTA5 48809!!Percent","ZCTA5 48809!!Percent Margin of Error","ZCTA5 48838!!Estimate","ZCTA5 48838!!Margin of Error","ZCTA5 48838!!Percent","ZCTA5 48838!!Percent Margin of Error","ZCTA5 49301!!Estimate","ZCTA5 49301!!Margin of Error","ZCTA5 49301!!Percent","ZCTA5 49301!!Percent Margin of Error","ZCTA5 49302!!Estimate","ZCTA5 49302!!Margin of Error","ZCTA5 49302!!Percent","ZCTA5 49302!!Percent Margin of Error","ZCTA5 49306!!Estimate","ZCTA5 49306!!Margin of Error","ZCTA5 49306!!Percent","ZCTA5 49306!!Percent Margin of Error","ZCTA5 49315!!Estimate","ZCTA5 49315!!Margin of Error","ZCTA5 49315!!Percent","ZCTA5 49315!!Percent Margin of Error","ZCTA5 49316!!Estimate","ZCTA5 49316!!Margin of Error","ZCTA5 49316!!Percent","ZCTA5 49316!!Percent Margin of Error","ZCTA5 49319!!Estimate","ZCTA5 49319!!Margin of Error","ZCTA5 49319!!Percent","ZCTA5 49319!!Percent Margin of Error","ZCTA5 49321!!Estimate","ZCTA5 49321!!Margin of Error","ZCTA5 49321!!Percent","ZCTA5 49321!!Percent Margin of Error","ZCTA5 49325!!Estimate","ZCTA5 49325!!Margin of Error","ZCTA5 49325!!Percent","ZCTA5 49325!!Percent Margin of Error","ZCTA5 49326!!Estimate","ZCTA5 49326!!Margin of Error","ZCTA5 49326!!Percent","ZCTA5 49326!!Percent Margin of Error","ZCTA5 49330!!Estimate","ZCTA5 49330!!Margin of Error","ZCTA5 49330!!Percent","ZCTA5 49330!!Percent Margin of Error","ZCTA5 49331!!Estimate","ZCTA5 49331!!Margin of Error","ZCTA5 49331!!Percent","ZCTA5 49331!!Percent Margin of Error","ZCTA5 49341!!Estimate","ZCTA5 49341!!Margin of Error","ZCTA5 49341!!Percent","ZCTA5 49341!!Percent Margin of Error","ZCTA5 49343!!Estimate","ZCTA5 49343!!Margin of Error","ZCTA5 49343!!Percent","ZCTA5 49343!!Percent Margin of Error","ZCTA5 49345!!Estimate","ZCTA5 49345!!Margin of Error","ZCTA5 49345!!Percent","ZCTA5 49345!!Percent Margin of Error","ZCTA5 49418!!Estimate","ZCTA5 49418!!Margin of Error","ZCTA5 49418!!Percent","ZCTA5 49418!!Percent Margin of Error","ZCTA5 49503!!Estimate","ZCTA5 49503!!Margin of Error","ZCTA5 49503!!Percent","ZCTA5 49503!!Percent Margin of Error","ZCTA5 49504!!Estimate","ZCTA5 49504!!Margin of Error","ZCTA5 49504!!Percent","ZCTA5 49504!!Percent Margin of Error","ZCTA5 49505!!Estimate","ZCTA5 49505!!Margin of Error","ZCTA5 49505!!Percent","ZCTA5 49505!!Percent Margin of Error","ZCTA5 49506!!Estimate","ZCTA5 49506!!Margin of Error","ZCTA5 49506!!Percent","ZCTA5 49506!!Percent Margin of Error","ZCTA5 49507!!Estimate","ZCTA5 49507!!Margin of Error","ZCTA5 49507!!Percent","ZCTA5 49507!!Percent Margin of Error","ZCTA5 49508!!Estimate","ZCTA5 49508!!Margin of Error","ZCTA5 49508!!Percent","ZCTA5 49508!!Percent Margin of Error","ZCTA5 49509!!Estimate","ZCTA5 49509!!Margin of Error","ZCTA5 49509!!Percent","ZCTA5 49509!!Percent Margin of Error","ZCTA5 49512!!Estimate","ZCTA5 49512!!Margin of Error","ZCTA5 49512!!Percent","ZCTA5 49512!!Percent Margin of Error","ZCTA5 49519!!Estimate","ZCTA5 49519!!Margin of Error","ZCTA5 49519!!Percent","ZCTA5 49519!!Percent Margin of Error","ZCTA5 49525!!Estimate","ZCTA5 49525!!Margin of Error","ZCTA5 49525!!Percent","ZCTA5 49525!!Percent Margin of Error","ZCTA5 49534!!Estimate","ZCTA5 49534!!Margin of Error","ZCTA5 49534!!Percent","ZCTA5 49534!!Percent Margin of Error","ZCTA5 49544!!Estimate","ZCTA5 49544!!Margin of Error","ZCTA5 49544!!Percent","ZCTA5 49544!!Percent Margin of Error","ZCTA5 49546!!Estimate","ZCTA5 49546!!Margin of Error","ZCTA5 49546!!Percent","ZCTA5 49546!!Percent Margin of Error","ZCTA5 49548!!Estimate","ZCTA5 49548!!Margin of Error","ZCTA5 49548!!Percent","ZCTA5 49548!!Percent Margin of Error"
"SEX AND AGE","","","","","","","","","","","","","","","","","","","","","","","","","","","","","","","","","","","","","","","","","","","","","","","","","","","","","","","","","","","","","","","","","","","","","","","","","","","","","","","","","","","","","","","","","","","","","","","","","","","","","","","","","","","","","","","","","","","","","","","","","","","",""
"    Total population","11,112","±533","11,112","(X)","18,043","±754","18,043","(X)","20,092","±845","20,092","(X)","9,582","±1,195","9,582","(X)","10,847","±855","10,847","(X)","25,397","±1,139","25,397","(X)","25,291","±1,950","25,291","(X)","18,658","±1,397","18,658","(X)","15,740","±725","15,740","(X)","2,481","±543","2,481","(X)","3,767","±533","3,767","(X)","5,681","±354","5,681","(X)","17,522","±571","17,522","(X)","39,094","±1,343","39,094","(X)","6,062","±750","6,062","(X)","13,155","±810","13,155","(X)","30,419","±1,153","30,419","(X)","37,471","±1,775","37,471","(X)","40,686","±1,808","40,686","(X)","32,325","±1,356","32,325","(X)","33,877","±1,414","33,877","(X)","39,899","±2,201","39,899","(X)","42,515","±1,767","42,515","(X)","28,549","±1,402","28,549","(X)","19,141","±1,284","19,141","(X)","28,070","±1,446","28,070","(X)","30,509","±1,233","30,509","(X)","23,008","±904","23,008","(X)","9,977","±875","9,977","(X)","34,308","±1,476","34,308","(X)","34,615","±1,686","34,615","(X)"
"        Male","5,768","±375","51.9%","±1.8","8,952","±518","49.6%","±2.0","10,135","±669","50.4%","±2.2","5,315","±799","55.5%","±2.8","5,772","±618","53.2%","±2.6","12,924","±812","50.9%","±1.9","12,327","±987","48.7%","±1.9","9,186","±887","49.2%","±2.3","7,854","±474","49.9%","±2.3","1,218","±268","49.1%","±3.1","1,866","±309","49.5%","±3.3","3,100","±296","54.6%","±3.6","8,870","±480","50.6%","±2.0","19,663","±852","50.3%","±1.3","3,134","±491","51.7%","±3.3","6,830","±489","51.9%","±2.1","14,755","±773","48.5%","±2.2","19,198","±1,039","51.2%","±1.8","20,127","±1,144","49.5%","±1.9","16,205","±863","50.1%","±1.9","16,820","±851","49.7%","±1.5","18,897","±1,207","47.4%","±1.5","19,557","±927","46.0%","±1.5","15,019","±931","52.6%","±2.0","9,873","±875","51.6%","±2.7","13,738","±843","48.9%","±2.0","15,135","±978","49.6%","±1.9","11,128","±615","48.4%","±1.7","5,264","±524","52.8%","±3.4","16,392","±838","47.8%","±1.4","17,707","±1,087","51.2%","±1.9"
"        Female","5,344","±294","48.1%","±1.8","9,091","±533","50.4%","±2.0","9,957","±534","49.6%","±2.2","4,267","±503","44.5%","±2.8","5,075","±391","46.8%","±2.6","12,473","±692","49.1%","±1.9","12,964","±1,183","51.3%","±1.9","9,472","±748","50.8%","±2.3","7,886","±554","50.1%","±2.3","1,263","±296","50.9%","±3.1","1,901","±277","50.5%","±3.3","2,581","±249","45.4%","±3.6","8,652","±427","49.4%","±2.0","19,431","±844","49.7%","±1.3","2,928","±352","48.3%","±3.3","6,325","±489","48.1%","±2.1","15,664","±986","51.5%","±2.2","18,273","±1,175","48.8%","±1.8","20,559","±1,212","50.5%","±1.9","16,120","±947","49.9%","±1.9","17,057","±877","50.3%","±1.5","21,002","±1,284","52.6%","±1.5","22,958","±1,233","54.0%","±1.5","13,530","±880","47.4%","±2.0","9,268","±777","48.4%","±2.7","14,332","±997","51.1%","±2.0","15,374","±679","50.4%","±1.9","11,880","±593","51.6%","±1.7","4,713","±576","47.2%","±3.4","17,916","±934","52.2%","±1.4","16,908","±1,060","48.8%","±1.9"
"        Sex ratio (males per 100 females)","107.9","±8.0","(X)","(X)","98.5","±8.0","(X)","(X)","101.8","±8.8","(X)","(X)","124.6","±14.1","(X)","(X)","113.7","±11.7","(X)","(X)","103.6","±8.0","(X)","(X)","95.1","±7.3","(X)","(X)","97.0","±9.0","(X)","(X)","99.6","±9.3","(X)","(X)","96.4","±12.1","(X)","(X)","98.2","±13.0","(X)","(X)","120.1","±17.5","(X)","(X)","102.5","±8.2","(X)","(X)","101.2","±5.3","(X)","(X)","107.0","±14.2","(X)","(X)","108.0","±9.0","(X)","(X)","94.2","±8.4","(X)","(X)","105.1","±7.4","(X)","(X)","97.9","±7.3","(X)","(X)","100.5","±7.5","(X)","(X)","98.6","±5.8","(X)","(X)","90.0","±5.3","(X)","(X)","85.2","±5.0","(X)","(X)","111.0","±8.9","(X)","(X)","106.5","±11.5","(X)","(X)","95.9","±7.8","(X)","(X)","98.4","±7.4","(X)","(X)","93.7","±6.5","(X)","(X)","111.7","±15.5","(X)","(X)","91.5","±5.2","(X)","(X)","104.7","±8.0","(X)","(X)"
"        Under 5 years","506","±132","4.6%","±1.2","1,194","±242","6.6%","±1.3","1,283","±241","6.4%","±1.2","734","±307","7.7%","±2.6","522","±245","4.8%","±2.2","1,500","±326","5.9%","±1.2","1,440","±361","5.7%","±1.4","692","±246","3.7%","±1.3","817","±218","5.2%","±1.3","196","±93","7.9%","±2.9","263","±143","7.0%","±3.4","462","±171","8.1%","±3.1","1,161","±319","6.6%","±1.8","2,940","±567","7.5%","±1.4","300","±117","4.9%","±1.9","828","±236","6.3%","±1.8","1,831","±414","6.0%","±1.3","2,288","±384","6.1%","±1.0","2,298","±428","5.6%","±1.0","2,394","±436","7.4%","±1.3","2,228","±308","6.6%","±0.9","3,442","±473","8.6%","±1.1","3,309","±605","7.8%","±1.3","1,908","±418","6.7%","±1.4","1,148","±265","6.0%","±1.3","1,576","±281","5.6%","±1.0","1,545","±320","5.1%","±1.0","1,264","±238","5.5%","±1.0","582","±308","5.8%","±2.9","1,832","±404","5.3%","±1.1","2,116","±388","6.1%","±1.0"
"        5 to 9 years","578","±125","5.2%","±1.1","924","±187","5.1%","±1.0","1,352","±298","6.7%","±1.4","1,108","±534","11.6%","±4.5","874","±213","8.1%","±2.1","1,516","±353","6.0%","±1.3","1,465","±259","5.8%","±1.1","1,309","±439","7.0%","±2.2","881","±260","5.6%","±1.6","379","±249","15.3%","±7.5","191","±91","5.1%","±2.2","460","±181","8.1%","±3.0","1,166","±366","6.7%","±2.1","3,143","±569","8.0%","±1.4","206","±82","3.4%","±1.3","1,007","±291","7.7%","±2.1","1,597","±316","5.3%","±1.1","1,478","±335","3.9%","±0.8","2,118","±520","5.2%","±1.2","1,768","±343","5.5%","±1.0","2,094","±288","6.2%","±0.8","3,429","±479","8.6%","±1.0","3,964","±785","9.3%","±1.7","1,822","±347","6.4%","±1.1","1,012","±232","5.3%","±1.2","1,455","±327","5.2%","±1.1","1,957","±331","6.4%","±1.1","1,381","±273","6.0%","±1.2","521","±164","5.2%","±1.6","2,528","±459","7.4%","±1.3","2,785","±526","8.0%","±1.4"
"        10 to 14 years","645","±157","5.8%","±1.4","1,233","±250","6.8%","±1.3","1,642","±536","8.2%","±2.5","744","±150","7.8%","±1.9","737","±237","6.8%","±2.1","2,407","±392","9.5%","±1.5","2,451","±634","9.7%","±2.2","1,264","±248","6.8%","±1.4","969","±247","6.2%","±1.6","236","±92","9.5%","±2.3","305","±180","8.1%","±4.2","366","±134","6.4%","±2.3","1,032","±238","5.9%","±1.3","2,736","±443","7.0%","±1.1","517","±178","8.5%","±2.5","798","±192","6.1%","±1.4","1,846","±344","6.1%","±1.1","1,485","±311","4.0%","±0.8","2,103","±370","5.2%","±0.9","1,772","±406","5.5%","±1.2","2,135","±350","6.3%","±1.0","2,925","±504","7.3%","±1.1","2,512","±465","5.9%","±1.1","2,248","±491","7.9%","±1.6","1,192","±322","6.2%","±1.6","1,669","±385","5.9%","±1.3","2,030","±324","6.7%","±1.1","1,270","±236","5.5%","±1.0","537","±185","5.4%","±1.7","2,418","±694","7.0%","±1.9","2,796","±403","8.1%","±1.0"
"        15 to 19 years","636","±135","5.7%","±1.2","837","±234","4.6%","±1.3","1,799","±321","9.0%","±1.5","655","±212","6.8%","±2.3","580","±274","5.3%","±2.4","2,117","±533","8.3%","±2.1","1,990","±429","7.9%","±1.5","1,289","±310","6.9%","±1.7","1,150","±339","7.3%","±2.0","105","±46","4.2%","±2.3","193","±104","5.1%","±2.6","320","±122","5.6%","±2.2","1,180","±251","6.7%","±1.4","2,548","±378","6.5%","±1.0","380","±158","6.3%","±2.2","933","±263","7.1%","±1.9","1,583","±347","5.2%","±1.1","1,789","±400","4.8%","±1.0","2,650","±476","6.5%","±1.1","1,525","±273","4.7%","±0.8","2,507","±438","7.4%","±1.2","3,377","±518","8.5%","±1.1","2,598","±499","6.1%","±1.1","2,104","±359","7.4%","±1.2","1,049","±230","5.5%","±1.2","2,135","±520","7.6%","±1.7","2,206","±402","7.2%","±1.3","1,304","±298","5.7%","±1.3","566","±202","5.7%","±1.9","2,702","±341","7.9%","±1.0","2,615","±384","7.6%","±1.0"
"        20 to 24 years","683","±182","6.1%","±1.6","1,205","±242","6.7%","±1.3","418","±139","2.1%","±0.7","467","±168","4.9%","±1.7","224","±95","2.1%","±0.9","921","±298","3.6%","±1.1","1,311","±329","5.2%","±1.3","1,365","±632","7.3%","±3.2","1,024","±280","6.5%","±1.8","139","±72","5.6%","±3.2","248","±109","6.6%","±2.9","267","±100","4.7%","±1.7","942","±249","5.4%","±1.4","1,356","±347","3.5%","±0.9","305","±89","5.0%","±1.4","728","±220","5.5%","±1.7","2,528","±511","8.3%","±1.6","4,941","±789","13.2%","±1.9","4,906","±865","12.1%","±2.1","2,313","±397","7.2%","±1.2","2,847","±512","8.4%","±1.3","2,984","±458","7.5%","±1.0","2,433","±632","5.7%","±1.5","2,129","±402","7.5%","±1.3","1,747","±393","9.1%","±1.9","2,472","±560","8.8%","±1.9","2,041","±618","6.7%","±1.9","1,372","±216","6.0%","±0.9","682","±219","6.8%","±2.1","2,516","±499","7.3%","±1.4","2,094","±352","6.0%","±1.0"
"        25 to 34 years","1,309","±256","11.8%","±2.3","2,534","±380","14.0%","±2.1","1,600","±336","8.0%","±1.6","854","±246","8.9%","±2.4","1,131","±305","10.4%","±2.7","2,358","±479","9.3%","±1.8","2,743","±590","10.8%","±2.4","1,954","±612","10.5%","±2.9","2,504","±380","15.9%","±2.2","271","±82","10.9%","±4.5","439","±174","11.7%","±3.8","1,092","±314","19.2%","±4.9","2,309","±401","13.2%","±2.2","4,520","±769","11.6%","±1.8","824","±240","13.6%","±3.4","1,624","±332","12.3%","±2.4","4,875","±681","16.0%","±2.2","10,404","±843","27.8%","±1.8","7,650","±883","18.8%","±2.0","6,579","±619","20.4%","±2.0","5,446","±579","16.1%","±1.6","7,491","±614","18.8%","±1.6","6,693","±704","15.7%","±1.7","4,991","±616","17.5%","±2.2","4,005","±609","20.9%","±2.7","5,458","±666","19.4%","±2.3","3,948","±494","12.9%","±1.7","3,979","±654","17.3%","±2.8","1,516","±306","15.2%","±2.9","3,331","±440","9.7%","±1.3","5,884","±742","17.0%","±1.9"
"        35 to 44 years","1,919","±471","17.3%","±4.0","2,424","±349","13.4%","±1.8","2,925","±455","14.6%","±2.2","1,275","±469","13.3%","±3.7","1,486","±282","13.7%","±2.1","3,860","±490","15.2%","±1.8","3,431","±641","13.6%","±2.0","2,341","±427","12.5%","±2.0","2,055","±299","13.1%","±1.8","348","±224","14.0%","±6.5","345","±130","9.2%","±3.2","422","±134","7.4%","±2.3","2,437","±490","13.9%","±2.7","5,443","±563","13.9%","±1.4","636","±209","10.5%","±3.0","1,702","±371","12.9%","±2.5","3,703","±574","12.2%","±1.8","4,896","±456","13.1%","±1.2","4,950","±462","12.2%","±1.0","4,180","±533","12.9%","±1.4","5,007","±471","14.8%","±1.3","4,638","±508","11.6%","±1.2","5,269","±788","12.4%","±1.7","3,655","±517","12.8%","±1.6","2,441","±375","12.8%","±1.8","4,027","±520","14.3%","±1.8","3,842","±422","12.6%","±1.4","2,565","±346","11.1%","±1.5","1,642","±358","16.5%","±3.3","3,995","±504","11.6%","±1.3","4,505","±503","13.0%","±1.3"
"        45 to 54 years","1,524","±235","13.7%","±1.9","2,003","±330","11.1%","±1.8","3,244","±453","16.1%","±2.0","1,389","±324","14.5%","±3.5","1,201","±288","11.1%","±2.4","3,428","±625","13.5%","±2.4","3,432","±541","13.6%","±1.9","2,894","±491","15.5%","±2.9","1,771","±389","11.3%","±2.4","204","±76","8.2%","±3.6","334","±136","8.9%","±3.9","681","±274","12.0%","±4.8","2,692","±351","15.4%","±2.0","5,627","±649","14.4%","±1.7","820","±245","13.5%","±3.4","1,655","±275","12.6%","±2.2","3,445","±591","11.3%","±1.8","3,046","±412","8.1%","±1.0","3,894","±607","9.6%","±1.5","3,040","±415","9.4%","±1.2","4,016","±534","11.9%","±1.5","4,709","±684","11.8%","±1.4","4,251","±625","10.0%","±1.5","3,406","±486","11.9%","±1.6","1,924","±336","10.1%","±1.7","2,733","±492","9.7%","±1.7","3,227","±449","10.6%","±1.5","2,480","±364","10.8%","±1.6","1,100","±224","11.0%","±2.4","4,007","±646","11.7%","±1.7","3,937","±468","11.4%","±1.2"
"        55 to 59 years","691","±128","6.2%","±1.1","1,220","±247","6.8%","±1.4","1,620","±306","8.1%","±1.4","630","±155","6.6%","±2.0","896","±189","8.3%","±1.7","1,827","±378","7.2%","±1.5","1,648","±338","6.5%","±1.3","1,478","±378","7.9%","±2.0","937","±193","6.0%","±1.2","137","±58","5.5%","±2.9","352","±119","9.3%","±3.4","519","±178","9.1%","±3.2","1,089","±283","6.2%","±1.6","2,431","±419","6.2%","±1.1","425","±137","7.0%","±2.5","904","±185","6.9%","±1.4","2,061","±468","6.8%","±1.5","1,862","±365","5.0%","±0.9","2,226","±402","5.5%","±1.0","1,799","±309","5.6%","±0.9","2,216","±287","6.5%","±0.9","1,950","±398","4.9%","±1.0","2,636","±712","6.2%","±1.6","1,628","±383","5.7%","±1.3","962","±350","5.0%","±1.8","1,888","±330","6.7%","±1.2","2,478","±658","8.1%","±2.0","1,875","±371","8.1%","±1.6","623","±167","6.2%","±1.6","1,845","±583","5.4%","±1.7","1,968","±417","5.7%","±1.2"
"        60 to 64 years","761","±139","6.8%","±1.3","991","±242","5.5%","±1.3","1,529","±351","7.6%","±1.8","694","±223","7.2%","±2.5","903","±190","8.3%","±1.8","1,346","±245","5.3%","±1.0","1,596","±314","6.3%","±1.3","1,244","±320","6.7%","±1.7","1,044","±194","6.6%","±1.2","171","±69","6.9%","±3.3","311","±146","8.3%","±3.8","451","±175","7.9%","±3.1","1,131","±255","6.5%","±1.4","2,790","±424","7.1%","±1.1","563","±186","9.3%","±3.0","939","±286","7.1%","±2.2","1,960","±469","6.4%","±1.6","1,489","±250","4.0%","±0.7","2,312","±296","5.7%","±0.7","1,977","±303","6.1%","±1.0","1,356","±249","4.0%","±0.7","1,671","±330","4.2%","±0.9","2,299","±351","5.4%","±0.8","1,767","±427","6.2%","±1.5","1,086","±322","5.7%","±1.7","1,200","±218","4.3%","±0.8","1,916","±370","6.3%","±1.2","1,353","±381","5.9%","±1.7","705","±304","7.1%","±2.9","1,978","±335","5.8%","±1.0","2,169","±267","6.3%","±0.9"
"        65 to 74 years","990","±154","8.9%","±1.4","2,285","±327","12.7%","±1.7","1,830","±313","9.1%","±1.6","657","±139","6.9%","±1.8","1,623","±426","15.0%","±3.7","2,329","±374","9.2%","±1.4","2,486","±738","9.8%","±2.8","1,950","±413","10.5%","±2.2","1,379","±190","8.8%","±1.2","180","±57","7.3%","±2.9","498","±121","13.2%","±3.5","456","±153","8.0%","±2.8","1,623","±284","9.3%","±1.6","3,411","±502","8.7%","±1.3","655","±200","10.8%","±3.3","1,237","±246","9.4%","±1.8","3,224","±444","10.6%","±1.4","2,619","±409","7.0%","±1.1","2,936","±420","7.2%","±1.0","2,800","±304","8.7%","±0.9","2,441","±287","7.2%","±0.8","2,254","±345","5.6%","±0.9","4,179","±594","9.8%","±1.5","1,607","±301","5.6%","±1.1","1,265","±309","6.6%","±1.6","2,175","±342","7.7%","±1.2","3,199","±449","10.5%","±1.5","2,339","±463","10.2%","±1.9","814","±246","8.2%","±2.4","3,287","±402","9.6%","±1.2","2,766","±392","8.0%","±1.2"
"        75 to 84 years","608","±157","5.5%","±1.4","813","±170","4.5%","±1.0","678","±195","3.4%","±1.0","312","±105","3.3%","±1.2","505","±117","4.7%","±1.1","1,423","±382","5.6%","±1.5","1,144","±308","4.5%","±1.2","667","±189","3.6%","±1.1","744","±219","4.7%","±1.4","71","±35","2.9%","±1.7","288","±166","7.6%","±4.2","150","±70","2.6%","±1.3","415","±123","2.4%","±0.7","1,489","±340","3.8%","±0.9","382","±151","6.3%","±2.6","576","±218","4.4%","±1.6","1,119","±247","3.7%","±0.8","953","±250","2.5%","±0.7","1,742","±426","4.3%","±1.0","1,359","±210","4.2%","±0.6","1,145","±259","3.4%","±0.8","667","±214","1.7%","±0.5","1,553","±239","3.7%","±0.6","847","±248","3.0%","±0.9","645","±185","3.4%","±1.0","792","±191","2.8%","±0.7","1,719","±605","5.6%","±1.9","1,143","±375","5.0%","±1.6","548","±167","5.5%","±1.8","2,857","±367","8.3%","±1.1","813","±254","2.3%","±0.7"
"        85 years and over","262","±182","2.4%","±1.6","380","±153","2.1%","±0.9","172","±95","0.9%","±0.5","63","±42","0.7%","±0.5","165","±76","1.5%","±0.7","365","±155","1.4%","±0.6","154","±119","0.6%","±0.5","211","±82","1.1%","±0.4","465","±411","3.0%","±2.6","44","±34","1.8%","±1.4","0","±11","0.0%","±0.7","35","±31","0.6%","±0.5","345","±171","2.0%","±1.0","660","±236","1.7%","±0.6","49","±36","0.8%","±0.6","224","±131","1.7%","±1.0","647","±180","2.1%","±0.6","221","±87","0.6%","±0.2","901","±202","2.2%","±0.5","819","±204","2.5%","±0.6","439","±118","1.3%","±0.4","362","±153","0.9%","±0.4","819","±175","1.9%","±0.4","437","±168","1.5%","±0.6","665","±262","3.5%","±1.3","490","±155","1.7%","±0.6","401","±175","1.3%","±0.6","683","±368","3.0%","±1.6","141","±60","1.4%","±0.6","1,012","±203","2.9%","±0.6","167","±82","0.5%","±0.2"
"        Median age (years)","40.4","±2.7","(X)","(X)","38.4","±1.4","(X)","(X)","41.8","±1.9","(X)","(X)","37.0","±3.4","(X)","(X)","44.5","±4.1","(X)","(X)","40.5","±1.8","(X)","(X)","39.4","±2.7","(X)","(X)","41.9","±3.0","(X)","(X)","37.4","±2.9","(X)","(X)","32.3","±5.3","(X)","(X)","40.6","±11.1","(X)","(X)","34.3","±4.0","(X)","(X)","38.1","±2.4","(X)","(X)","38.7","±1.9","(X)","(X)","43.0","±5.1","(X)","(X)","39.5","±2.6","(X)","(X)","37.3","±2.2","(X)","(X)","30.5","±0.8","(X)","(X)","32.7","±0.9","(X)","(X)","34.6","±1.3","(X)","(X)","34.3","±1.3","(X)","(X)","29.7","±0.7","(X)","(X)","34.5","±1.7","(X)","(X)","32.8","±1.5","(X)","(X)","32.9","±1.3","(X)","(X)","33.3","±1.7","(X)","(X)","38.8","±1.5","(X)","(X)","38.4","±2.6","(X)","(X)","38.5","±2.6","(X)","(X)","39.5","±2.0","(X)","(X)","33.1","±1.9","(X)","(X)"
"        Under 18 years","2,215","±241","19.9%","±2.2","3,878","±397","21.5%","±1.9","5,578","±495","27.8%","±1.8","2,986","±719","31.2%","±4.4","2,511","±417","23.1%","±3.5","6,957","±617","27.4%","±2.0","6,598","±842","26.1%","±2.3","4,020","±616","21.5%","±3.1","3,383","±442","21.5%","±2.3","880","±396","35.5%","±9.6","900","±347","23.9%","±7.2","1,503","±318","26.5%","±5.3","4,019","±392","22.9%","±2.0","10,513","±881","26.9%","±1.8","1,191","±245","19.6%","±2.9","3,127","±450","23.8%","±2.7","6,466","±467","21.3%","±1.4","6,266","±759","16.7%","±1.7","7,870","±998","19.3%","±2.0","6,846","±721","21.2%","±1.8","7,957","±618","23.5%","±1.7","11,914","±1,087","29.9%","±1.7","11,440","±1,138","26.9%","±2.0","7,251","±873","25.4%","±2.4","3,746","±509","19.6%","±2.2","5,970","±616","21.3%","±1.8","6,796","±579","22.3%","±1.8","4,656","±475","20.2%","±1.9","2,027","±482","20.3%","±3.9","7,938","±858","23.1%","±1.9","9,158","±902","26.5%","±1.7"
"        16 years and over","9,214","±539","82.9%","±2.2","14,511","±678","80.4%","±1.9","15,273","±637","76.0%","±1.9","6,839","±688","71.4%","±5.2","8,600","±791","79.3%","±3.3","19,439","±948","76.5%","±2.2","19,458","±1,539","76.9%","±2.2","15,263","±1,258","81.8%","±2.9","12,867","±642","81.7%","±2.3","1,658","±223","66.8%","±10.3","2,934","±374","77.9%","±7.4","4,356","±388","76.7%","±5.4","14,029","±562","80.1%","±2.1","29,556","±1,068","75.6%","±1.9","5,010","±625","82.6%","±3.1","10,309","±660","78.4%","±2.8","24,733","±1,141","81.3%","±1.6","31,875","±1,530","85.1%","±1.7","33,669","±1,425","82.8%","±1.9","26,017","±1,047","80.5%","±1.8","26,944","±1,351","79.5%","±1.6","29,323","±1,560","73.5%","±1.8","32,053","±1,275","75.4%","±2.0","22,078","±1,030","77.3%","±2.4","15,644","±1,072","81.7%","±2.1","22,836","±1,265","81.4%","±1.8","24,585","±1,188","80.6%","±1.7","18,833","±820","81.9%","±1.8","8,204","±715","82.2%","±3.9","27,082","±1,052","78.9%","±2.0","26,317","±1,153","76.0%","±1.7"
"        18 years and over","8,897","±532","80.1%","±2.2","14,165","±655","78.5%","±1.9","14,514","±600","72.2%","±1.8","6,596","±631","68.8%","±4.4","8,336","±788","76.9%","±3.5","18,440","±921","72.6%","±2.0","18,693","±1,439","73.9%","±2.3","14,638","±1,289","78.5%","±3.1","12,357","±576","78.5%","±2.3","1,601","±223","64.5%","±9.6","2,867","±369","76.1%","±7.2","4,178","±384","73.5%","±5.3","13,503","±534","77.1%","±2.0","28,581","±1,035","73.1%","±1.8","4,871","±603","80.4%","±2.9","10,028","±618","76.2%","±2.7","23,953","±1,069","78.7%","±1.4","31,205","±1,479","83.3%","±1.7","32,816","±1,366","80.7%","±2.0","25,479","±1,060","78.8%","±1.8","25,920","±1,276","76.5%","±1.7","27,985","±1,484","70.1%","±1.7","31,075","±1,236","73.1%","±2.0","21,298","±1,010","74.6%","±2.4","15,395","±1,065","80.4%","±2.2","22,100","±1,178","78.7%","±1.8","23,713","±1,190","77.7%","±1.8","18,352","±835","79.8%","±1.9","7,950","±676","79.7%","±3.9","26,370","±1,021","76.9%","±1.9","25,457","±1,086","73.5%","±1.7"
"        21 years and over","8,653","±530","77.9%","±2.3","13,700","±608","75.9%","±2.0","13,968","±592","69.5%","±2.0","6,291","±608","65.7%","±4.1","8,093","±722","74.6%","±3.6","17,578","±898","69.2%","±2.1","17,667","±1,358","69.9%","±2.4","13,913","±1,248","74.6%","±3.2","11,743","±550","74.6%","±2.5","1,521","±212","61.3%","±8.5","2,762","±354","73.3%","±7.0","4,001","±377","70.4%","±5.2","12,844","±525","73.3%","±2.0","27,579","±1,056","70.5%","±1.8","4,592","±524","75.8%","±3.8","9,410","±594","71.5%","±2.7","23,162","±1,033","76.1%","±1.5","29,985","±1,435","80.0%","±1.8","30,855","±1,278","75.8%","±2.2","24,493","±1,030","75.8%","±1.8","24,141","±1,045","71.3%","±1.7","26,253","±1,310","65.8%","±1.8","29,772","±1,212","70.0%","±1.9","20,081","±983","70.3%","±2.4","14,582","±1,053","76.2%","±2.4","20,910","±1,013","74.5%","±1.9","22,366","±1,158","73.3%","±2.2","17,564","±861","76.3%","±2.3","7,677","±628","76.9%","±4.0","24,117","±973","70.3%","±1.8","23,975","±1,069","69.3%","±1.7"
"        62 years and over","2,295","±235","20.7%","±2.1","4,102","±447","22.7%","±2.3","3,520","±426","17.5%","±2.3","1,371","±209","14.3%","±3.0","2,950","±486","27.2%","±4.3","4,922","±548","19.4%","±2.1","4,837","±858","19.1%","±3.2","3,446","±454","18.5%","±2.3","3,198","±486","20.3%","±3.1","401","±93","16.2%","±5.2","998","±259","26.5%","±6.7","936","±219","16.5%","±4.1","3,104","±432","17.7%","±2.5","7,192","±738","18.4%","±2.0","1,338","±258","22.1%","±4.2","2,635","±388","20.0%","±2.8","5,936","±588","19.5%","±1.8","4,699","±470","12.5%","±1.3","6,988","±608","17.2%","±1.5","6,263","±426","19.4%","±1.3","4,847","±434","14.3%","±1.3","4,324","±509","10.8%","±1.3","7,950","±726","18.7%","±1.7","3,938","±435","13.8%","±1.7","3,164","±439","16.5%","±2.1","3,986","±438","14.2%","±1.5","6,296","±730","20.6%","±2.2","4,896","±738","21.3%","±3.0","1,784","±226","17.9%","±2.4","8,262","±593","24.1%","±1.9","5,124","±520","14.8%","±1.6"
"        65 years and over","1,860","±227","16.7%","±2.0","3,478","±372","19.3%","±1.9","2,680","±371","13.3%","±1.9","1,032","±158","10.8%","±2.3","2,293","±441","21.1%","±3.9","4,117","±496","16.2%","±1.9","3,784","±814","15.0%","±2.9","2,828","±416","15.2%","±2.2","2,588","±447","16.4%","±2.9","295","±84","11.9%","±4.5","786","±223","20.9%","±5.8","641","±177","11.3%","±3.3","2,383","±358","13.6%","±2.1","5,560","±565","14.2%","±1.5","1,086","±255","17.9%","±4.2","2,037","±329","15.5%","±2.3","4,990","±498","16.4%","±1.5","3,793","±435","10.1%","±1.2","5,579","±580","13.7%","±1.4","4,978","±386","15.4%","±1.2","4,025","±383","11.9%","±1.1","3,283","±393","8.2%","±1.0","6,551","±650","15.4%","±1.6","2,891","±414","10.1%","±1.6","2,575","±355","13.5%","±1.7","3,457","±424","12.3%","±1.5","5,319","±688","17.4%","±2.1","4,165","±732","18.1%","±2.9","1,503","±199","15.1%","±2.1","7,156","±519","20.9%","±1.7","3,746","±428","10.8%","±1.2"
"        18 years and over","8,897","±532","8,897","(X)","14,165","±655","14,165","(X)","14,514","±600","14,514","(X)","6,596","±631","6,596","(X)","8,336","±788","8,336","(X)","18,440","±921","18,440","(X)","18,693","±1,439","18,693","(X)","14,638","±1,289","14,638","(X)","12,357","±576","12,357","(X)","1,601","±223","1,601","(X)","2,867","±369","2,867","(X)","4,178","±384","4,178","(X)","13,503","±534","13,503","(X)","28,581","±1,035","28,581","(X)","4,871","±603","4,871","(X)","10,028","±618","10,028","(X)","23,953","±1,069","23,953","(X)","31,205","±1,479","31,205","(X)","32,816","±1,366","32,816","(X)","25,479","±1,060","25,479","(X)","25,920","±1,276","25,920","(X)","27,985","±1,484","27,985","(X)","31,075","±1,236","31,075","(X)","21,298","±1,010","21,298","(X)","15,395","±1,065","15,395","(X)","22,100","±1,178","22,100","(X)","23,713","±1,190","23,713","(X)","18,352","±835","18,352","(X)","7,950","±676","7,950","(X)","26,370","±1,021","26,370","(X)","25,457","±1,086","25,457","(X)"
"            Male","4,563","±363","51.3%","±2.0","7,259","±453","51.2%","±2.1","7,319","±409","50.4%","±1.7","3,344","±357","50.7%","±2.2","4,224","±541","50.7%","±2.7","9,353","±589","50.7%","±1.4","9,047","±714","48.4%","±1.5","7,417","±790","50.7%","±2.5","6,051","±382","49.0%","±2.4","810","±129","50.6%","±3.1","1,447","±209","50.5%","±2.7","2,298","±294","55.0%","±3.8","6,813","±404","50.5%","±1.7","14,434","±737","50.5%","±1.6","2,589","±422","53.2%","±3.7","5,003","±356","49.9%","±2.1","11,172","±649","46.6%","±2.1","16,007","±904","51.3%","±1.9","15,857","±949","48.3%","±2.0","12,548","±701","49.2%","±1.7","12,590","±753","48.6%","±1.7","12,962","±816","46.3%","±1.7","14,360","±832","46.2%","±1.8","11,013","±685","51.7%","±2.0","7,767","±810","50.5%","±3.1","10,932","±669","49.5%","±2.2","11,588","±906","48.9%","±1.9","9,135","±586","49.8%","±1.8","3,973","±380","50.0%","±3.2","12,292","±673","46.6%","±1.5","13,054","±805","51.3%","±1.9"
"            Female","4,334","±270","48.7%","±2.0","6,906","±437","48.8%","±2.1","7,195","±368","49.6%","±1.7","3,252","±340","49.3%","±2.2","4,112","±341","49.3%","±2.7","9,087","±464","49.3%","±1.4","9,646","±823","51.6%","±1.5","7,221","±684","49.3%","±2.5","6,306","±448","51.0%","±2.4","791","±114","49.4%","±3.1","1,420","±192","49.5%","±2.7","1,880","±204","45.0%","±3.8","6,690","±284","49.5%","±1.7","14,147","±626","49.5%","±1.6","2,282","±273","46.8%","±3.7","5,025","±389","50.1%","±2.1","12,781","±828","53.4%","±2.1","15,198","±1,005","48.7%","±1.9","16,959","±929","51.7%","±2.0","12,931","±671","50.8%","±1.7","13,330","±805","51.4%","±1.7","15,023","±938","53.7%","±1.7","16,715","±812","53.8%","±1.8","10,285","±630","48.3%","±2.0","7,628","±591","49.5%","±3.1","11,168","±850","50.5%","±2.2","12,125","±510","51.1%","±1.9","9,217","±476","50.2%","±1.8","3,977","±462","50.0%","±3.2","14,078","±605","53.4%","±1.5","12,403","±650","48.7%","±1.9"
"            Sex ratio (males per 100 females)","105.3","±8.4","(X)","(X)","105.1","±9.0","(X)","(X)","101.7","±7.0","(X)","(X)","102.8","±9.3","(X)","(X)","102.7","±10.8","(X)","(X)","102.9","±5.8","(X)","(X)","93.8","±5.5","(X)","(X)","102.7","±10.1","(X)","(X)","96.0","±9.4","(X)","(X)","102.4","±12.9","(X)","(X)","101.9","±11.2","(X)","(X)","122.2","±18.6","(X)","(X)","101.8","±6.8","(X)","(X)","102.0","±6.4","(X)","(X)","113.5","±17.0","(X)","(X)","99.6","±8.3","(X)","(X)","87.4","±7.5","(X)","(X)","105.3","±8.1","(X)","(X)","93.5","±7.4","(X)","(X)","97.0","±6.7","(X)","(X)","94.4","±6.5","(X)","(X)","86.3","±5.8","(X)","(X)","85.9","±6.1","(X)","(X)","107.1","±8.5","(X)","(X)","101.8","±12.3","(X)","(X)","97.9","±8.6","(X)","(X)","95.6","±7.1","(X)","(X)","99.1","±7.2","(X)","(X)","99.9","±13.0","(X)","(X)","87.3","±5.2","(X)","(X)","105.2","±8.0","(X)","(X)"
"        65 years and over","1,860","±227","1,860","(X)","3,478","±372","3,478","(X)","2,680","±371","2,680","(X)","1,032","±158","1,032","(X)","2,293","±441","2,293","(X)","4,117","±496","4,117","(X)","3,784","±814","3,784","(X)","2,828","±416","2,828","(X)","2,588","±447","2,588","(X)","295","±84","295","(X)","786","±223","786","(X)","641","±177","641","(X)","2,383","±358","2,383","(X)","5,560","±565","5,560","(X)","1,086","±255","1,086","(X)","2,037","±329","2,037","(X)","4,990","±498","4,990","(X)","3,793","±435","3,793","(X)","5,579","±580","5,579","(X)","4,978","±386","4,978","(X)","4,025","±383","4,025","(X)","3,283","±393","3,283","(X)","6,551","±650","6,551","(X)","2,891","±414","2,891","(X)","2,575","±355","2,575","(X)","3,457","±424","3,457","(X)","5,319","±688","5,319","(X)","4,165","±732","4,165","(X)","1,503","±199","1,503","(X)","7,156","±519","7,156","(X)","3,746","±428","3,746","(X)"
"            Male","796","±143","42.8%","±4.1","1,660","±226","47.7%","±4.3","1,316","±206","49.1%","±3.8","510","±90","49.4%","±4.6","1,140","±235","49.7%","±3.5","1,833","±252","44.5%","±3.1","1,717","±392","45.4%","±3.0","1,327","±289","46.9%","±5.9","1,176","±173","45.4%","±4.4","156","±48","52.9%","±7.8","390","±128","49.6%","±5.8","326","±84","50.9%","±6.1","1,186","±220","49.8%","±4.8","2,481","±302","44.6%","±3.6","594","±170","54.7%","±6.8","982","±213","48.2%","±4.9","2,252","±262","45.1%","±3.2","1,933","±259","51.0%","±5.2","2,094","±301","37.5%","±4.5","2,223","±227","44.7%","±3.4","1,796","±278","44.6%","±4.0","1,223","±225","37.3%","±4.9","2,501","±383","38.2%","±4.0","1,217","±235","42.1%","±5.3","1,241","±272","48.2%","±7.7","1,687","±285","48.8%","±4.4","2,401","±402","45.1%","±4.0","1,912","±403","45.9%","±3.5","735","±127","48.9%","±7.4","3,077","±331","43.0%","±3.0","1,680","±272","44.8%","±4.5"
"            Female","1,064","±125","57.2%","±4.1","1,818","±251","52.3%","±4.3","1,364","±218","50.9%","±3.8","522","±94","50.6%","±4.6","1,153","±235","50.3%","±3.5","2,284","±305","55.5%","±3.1","2,067","±454","54.6%","±3.0","1,501","±234","53.1%","±5.9","1,412","±318","54.6%","±4.4","139","±47","47.1%","±7.8","396","±111","50.4%","±5.8","315","±107","49.1%","±6.1","1,197","±204","50.2%","±4.8","3,079","±394","55.4%","±3.6","492","±125","45.3%","±6.8","1,055","±167","51.8%","±4.9","2,738","±329","54.9%","±3.2","1,860","±322","49.0%","±5.2","3,485","±472","62.5%","±4.5","2,755","±288","55.3%","±3.4","2,229","±209","55.4%","±4.0","2,060","±284","62.7%","±4.9","4,050","±449","61.8%","±4.0","1,674","±282","57.9%","±5.3","1,334","±258","51.8%","±7.7","1,770","±235","51.2%","±4.4","2,918","±401","54.9%","±4.0","2,253","±381","54.1%","±3.5","768","±168","51.1%","±7.4","4,079","±338","57.0%","±3.0","2,066","±272","55.2%","±4.5"
"            Sex ratio (males per 100 females)","74.8","±12.6","(X)","(X)","91.3","±15.6","(X)","(X)","96.5","±14.7","(X)","(X)","97.7","±18.5","(X)","(X)","98.9","±14.1","(X)","(X)","80.3","±9.8","(X)","(X)","83.1","±10.0","(X)","(X)","88.4","±20.8","(X)","(X)","83.3","±15.1","(X)","(X)","112.2","±37.2","(X)","(X)","98.5","±22.7","(X)","(X)","103.5","±25.5","(X)","(X)","99.1","±18.7","(X)","(X)","80.6","±11.8","(X)","(X)","120.7","±34.5","(X)","(X)","93.1","±18.4","(X)","(X)","82.2","±10.5","(X)","(X)","103.9","±21.7","(X)","(X)","60.1","±11.6","(X)","(X)","80.7","±11.2","(X)","(X)","80.6","±13.1","(X)","(X)","59.4","±12.4","(X)","(X)","61.8","±10.5","(X)","(X)","72.7","±15.6","(X)","(X)","93.0","±28.1","(X)","(X)","95.3","±16.9","(X)","(X)","82.3","±13.2","(X)","(X)","84.9","±12.0","(X)","(X)","95.7","±29.4","(X)","(X)","75.4","±9.2","(X)","(X)","81.3","±14.7","(X)","(X)"
"RACE","","","","","","","","","","","","","","","","","","","","","","","","","","","","","","","","","","","","","","","","","","","","","","","","","","","","","","","","","","","","","","","","","","","","","","","","","","","","","","","","","","","","","","","","","","","","","","","","","","","","","","","","","","","","","","","","","","","","","","","","","","","",""
"    Total population","11,112","±533","11,112","(X)","18,043","±754","18,043","(X)","20,092","±845","20,092","(X)","9,582","±1,195","9,582","(X)","10,847","±855","10,847","(X)","25,397","±1,139","25,397","(X)","25,291","±1,950","25,291","(X)","18,658","±1,397","18,658","(X)","15,740","±725","15,740","(X)","2,481","±543","2,481","(X)","3,767","±533","3,767","(X)","5,681","±354","5,681","(X)","17,522","±571","17,522","(X)","39,094","±1,343","39,094","(X)","6,062","±750","6,062","(X)","13,155","±810","13,155","(X)","30,419","±1,153","30,419","(X)","37,471","±1,775","37,471","(X)","40,686","±1,808","40,686","(X)","32,325","±1,356","32,325","(X)","33,877","±1,414","33,877","(X)","39,899","±2,201","39,899","(X)","42,515","±1,767","42,515","(X)","28,549","±1,402","28,549","(X)","19,141","±1,284","19,141","(X)","28,070","±1,446","28,070","(X)","30,509","±1,233","30,509","(X)","23,008","±904","23,008","(X)","9,977","±875","9,977","(X)","34,308","±1,476","34,308","(X)","34,615","±1,686","34,615","(X)"
"        One race","10,464","±556","94.2%","±2.2","16,657","±881","92.3%","±2.4","19,062","±918","94.9%","±2.2","9,449","±1,189","98.6%","±0.7","10,374","±879","95.6%","±2.3","24,500","±1,136","96.5%","±1.6","23,285","±1,797","92.1%","±3.4","17,583","±1,360","94.2%","±2.8","15,007","±790","95.3%","±2.1","2,429","±561","97.9%","±2.2","3,743","±531","99.4%","±0.7","5,495","±361","96.7%","±1.5","16,705","±679","95.3%","±2.1","37,379","±1,327","95.6%","±1.2","5,633","±743","92.9%","±2.8","12,550","±834","95.4%","±1.8","28,546","±1,152","93.8%","±1.8","32,969","±1,655","88.0%","±1.8","37,154","±1,833","91.3%","±1.7","29,458","±1,371","91.1%","±2.3","31,394","±1,137","92.7%","±1.9","33,259","±1,979","83.4%","±3.3","38,376","±2,011","90.3%","±2.6","23,998","±1,422","84.1%","±3.4","18,321","±1,277","95.7%","±1.5","25,316","±1,300","90.2%","±2.5","28,758","±1,348","94.3%","±1.6","22,021","±981","95.7%","±1.5","9,119","±837","91.4%","±4.1","33,117","±1,441","96.5%","±0.8","29,963","±1,719","86.6%","±3.1"
"        Two or More Races","648","±251","5.8%","±2.2","1,386","±421","7.7%","±2.4","1,030","±440","5.1%","±2.2","133","±71","1.4%","±0.7","473","±250","4.4%","±2.3","897","±414","3.5%","±1.6","2,006","±917","7.9%","±3.4","1,075","±543","5.8%","±2.8","733","±324","4.7%","±2.1","52","±48","2.1%","±2.2","24","±29","0.6%","±0.7","186","±87","3.3%","±1.5","817","±360","4.7%","±2.1","1,715","±484","4.4%","±1.2","429","±167","7.1%","±2.8","605","±238","4.6%","±1.8","1,873","±551","6.2%","±1.8","4,502","±725","12.0%","±1.8","3,532","±700","8.7%","±1.7","2,867","±778","8.9%","±2.3","2,483","±695","7.3%","±1.9","6,640","±1,433","16.6%","±3.3","4,139","±1,082","9.7%","±2.6","4,551","±1,045","15.9%","±3.4","820","±287","4.3%","±1.5","2,754","±763","9.8%","±2.5","1,751","±488","5.7%","±1.6","987","±352","4.3%","±1.5","858","±429","8.6%","±4.1","1,191","±294","3.5%","±0.8","4,652","±1,128","13.4%","±3.1"
"        One race","10,464","±556","94.2%","±2.2","16,657","±881","92.3%","±2.4","19,062","±918","94.9%","±2.2","9,449","±1,189","98.6%","±0.7","10,374","±879","95.6%","±2.3","24,500","±1,136","96.5%","±1.6","23,285","±1,797","92.1%","±3.4","17,583","±1,360","94.2%","±2.8","15,007","±790","95.3%","±2.1","2,429","±561","97.9%","±2.2","3,743","±531","99.4%","±0.7","5,495","±361","96.7%","±1.5","16,705","±679","95.3%","±2.1","37,379","±1,327","95.6%","±1.2","5,633","±743","92.9%","±2.8","12,550","±834","95.4%","±1.8","28,546","±1,152","93.8%","±1.8","32,969","±1,655","88.0%","±1.8","37,154","±1,833","91.3%","±1.7","29,458","±1,371","91.1%","±2.3","31,394","±1,137","92.7%","±1.9","33,259","±1,979","83.4%","±3.3","38,376","±2,011","90.3%","±2.6","23,998","±1,422","84.1%","±3.4","18,321","±1,277","95.7%","±1.5","25,316","±1,300","90.2%","±2.5","28,758","±1,348","94.3%","±1.6","22,021","±981","95.7%","±1.5","9,119","±837","91.4%","±4.1","33,117","±1,441","96.5%","±0.8","29,963","±1,719","86.6%","±3.1"
"            White","10,117","±570","91.0%","±2.4","16,182","±852","89.7%","±2.1","17,803","±949","88.6%","±2.9","9,322","±1,204","97.3%","±1.2","10,025","±877","92.4%","±2.6","23,168","±1,199","91.2%","±2.3","21,339","±1,771","84.4%","±3.9","17,203","±1,392","92.2%","±3.2","13,107","±903","83.3%","±4.0","2,391","±564","96.4%","±3.0","3,709","±533","98.5%","±1.0","5,415","±384","95.3%","±2.1","16,138","±775","92.1%","±2.9","36,116","±1,351","92.4%","±2.3","5,586","±739","92.1%","±2.8","12,116","±864","92.1%","±3.0","25,721","±1,120","84.6%","±2.6","24,552","±1,456","65.5%","±2.4","31,506","±1,743","77.4%","±2.8","23,320","±1,198","72.1%","±3.0","26,827","±939","79.2%","±2.6","15,250","±1,435","38.2%","±3.8","21,671","±1,453","51.0%","±3.1","16,555","±1,250","58.0%","±3.7","13,280","±1,262","69.4%","±4.2","20,067","±1,183","71.5%","±3.8","26,787","±1,358","87.8%","±2.4","20,519","±1,130","89.2%","±2.8","7,942","±856","79.6%","±4.5","27,928","±1,613","81.4%","±2.6","20,193","±1,306","58.3%","±3.6"
"            Black or African American","25","±30","0.2%","±0.3","175","±220","1.0%","±1.2","149","±137","0.7%","±0.7","16","±7","0.2%","±0.1","108","±83","1.0%","±0.8","106","±87","0.4%","±0.3","558","±220","2.2%","±0.9","22","±34","0.1%","±0.2","1,270","±428","8.1%","±2.7","11","±15","0.4%","±0.7","0","±11","0.0%","±0.7","21","±30","0.4%","±0.5","291","±214","1.7%","±1.2","282","±200","0.7%","±0.5","9","±16","0.1%","±0.3","97","±84","0.7%","±0.6","1,223","±487","4.0%","±1.6","5,056","±660","13.5%","±1.7","2,677","±620","6.6%","±1.4","4,631","±852","14.3%","±2.4","3,283","±611","9.7%","±1.6","13,529","±1,697","33.9%","±3.6","11,499","±1,788","27.0%","±3.8","3,455","±978","12.1%","±3.4","3,734","±871","19.5%","±4.4","2,415","±525","8.6%","±1.8","926","±307","3.0%","±1.0","517","±305","2.2%","±1.3","395","±224","4.0%","±2.3","2,409","±625","7.0%","±1.8","4,998","±1,031","14.4%","±2.8"
"            American Indian and Alaska Native","1","±3","0.0%","±0.1","25","±38","0.1%","±0.2","4","±6","0.0%","±0.1","0","±15","0.0%","±0.3","37","±32","0.3%","±0.3","26","±38","0.1%","±0.1","88","±84","0.3%","±0.3","70","±64","0.4%","±0.3","26","±34","0.2%","±0.2","27","±39","1.1%","±1.6","19","±24","0.5%","±0.7","0","±15","0.0%","±0.5","7","±9","0.0%","±0.1","47","±50","0.1%","±0.1","5","±7","0.1%","±0.1","5","±11","0.0%","±0.1","22","±25","0.1%","±0.1","395","±210","1.1%","±0.6","201","±117","0.5%","±0.3","25","±22","0.1%","±0.1","130","±134","0.4%","±0.4","165","±156","0.4%","±0.4","15","±15","0.0%","±0.1","550","±341","1.9%","±1.2","157","±120","0.8%","±0.6","271","±250","1.0%","±0.9","36","±35","0.1%","±0.1","29","±24","0.1%","±0.1","32","±37","0.3%","±0.4","94","±118","0.3%","±0.3","303","±200","0.9%","±0.6"
"                Cherokee tribal grouping","0","±17","0.0%","±0.2","0","±17","0.0%","±0.2","3","±5","0.0%","±0.1","0","±15","0.0%","±0.3","0","±17","0.0%","±0.3","0","±20","0.0%","±0.1","0","±20","0.0%","±0.1","0","±17","0.0%","±0.1","0","±17","0.0%","±0.2","0","±11","0.0%","±1.1","0","±11","0.0%","±0.7","0","±15","0.0%","±0.5","0","±17","0.0%","±0.2","0","±23","0.0%","±0.1","5","±7","0.1%","±0.1","0","±17","0.0%","±0.2","14","±21","0.0%","±0.1","8","±16","0.0%","±0.1","15","±31","0.0%","±0.1","0","±23","0.0%","±0.1","0","±23","0.0%","±0.1","0","±23","0.0%","±0.1","0","±23","0.0%","±0.1","0","±20","0.0%","±0.1","27","±33","0.1%","±0.2","0","±20","0.0%","±0.1","0","±23","0.0%","±0.1","0","±20","0.0%","±0.1","0","±15","0.0%","±0.3","11","±16","0.0%","±0.1","0","±23","0.0%","±0.1"
"                Chippewa tribal grouping","0","±17","0.0%","±0.2","0","±17","0.0%","±0.2","0","±20","0.0%","±0.1","0","±15","0.0%","±0.3","9","±10","0.1%","±0.1","26","±38","0.1%","±0.1","18","±23","0.1%","±0.1","0","±17","0.0%","±0.1","20","±34","0.1%","±0.2","0","±11","0.0%","±1.1","19","±24","0.5%","±0.7","0","±15","0.0%","±0.5","0","±17","0.0%","±0.2","44","±48","0.1%","±0.1","0","±15","0.0%","±0.5","5","±11","0.0%","±0.1","7","±10","0.0%","±0.1","186","±149","0.5%","±0.4","2","±9","0.0%","±0.1","8","±15","0.0%","±0.1","0","±23","0.0%","±0.1","10","±19","0.0%","±0.1","3","±5","0.0%","±0.1","0","±20","0.0%","±0.1","10","±18","0.1%","±0.1","28","±41","0.1%","±0.1","0","±23","0.0%","±0.1","7","±11","0.0%","±0.1","0","±15","0.0%","±0.3","0","±23","0.0%","±0.1","20","±29","0.1%","±0.1"
"                Navajo tribal grouping","0","±17","0.0%","±0.2","0","±17","0.0%","±0.2","0","±20","0.0%","±0.1","0","±15","0.0%","±0.3","0","±17","0.0%","±0.3","0","±20","0.0%","±0.1","0","±20","0.0%","±0.1","0","±17","0.0%","±0.1","0","±17","0.0%","±0.2","0","±11","0.0%","±1.1","0","±11","0.0%","±0.7","0","±15","0.0%","±0.5","0","±17","0.0%","±0.2","0","±23","0.0%","±0.1","0","±15","0.0%","±0.5","0","±17","0.0%","±0.2","0","±23","0.0%","±0.1","0","±23","0.0%","±0.1","0","±23","0.0%","±0.1","0","±23","0.0%","±0.1","0","±23","0.0%","±0.1","0","±23","0.0%","±0.1","0","±23","0.0%","±0.1","0","±20","0.0%","±0.1","0","±17","0.0%","±0.1","0","±20","0.0%","±0.1","0","±23","0.0%","±0.1","0","±20","0.0%","±0.1","0","±15","0.0%","±0.3","0","±23","0.0%","±0.1","0","±23","0.0%","±0.1"
"                Sioux tribal grouping","0","±17","0.0%","±0.2","0","±17","0.0%","±0.2","1","±2","0.0%","±0.1","0","±15","0.0%","±0.3","0","±17","0.0%","±0.3","0","±20","0.0%","±0.1","0","±20","0.0%","±0.1","0","±17","0.0%","±0.1","0","±17","0.0%","±0.2","0","±11","0.0%","±1.1","0","±11","0.0%","±0.7","0","±15","0.0%","±0.5","0","±17","0.0%","±0.2","0","±23","0.0%","±0.1","0","±15","0.0%","±0.5","0","±17","0.0%","±0.2","0","±23","0.0%","±0.1","0","±23","0.0%","±0.1","0","±23","0.0%","±0.1","0","±23","0.0%","±0.1","0","±23","0.0%","±0.1","0","±23","0.0%","±0.1","0","±23","0.0%","±0.1","0","±20","0.0%","±0.1","0","±17","0.0%","±0.1","0","±20","0.0%","±0.1","0","±23","0.0%","±0.1","0","±20","0.0%","±0.1","0","±15","0.0%","±0.3","0","±23","0.0%","±0.1","0","±23","0.0%","±0.1"
"            Asian","62","±61","0.6%","±0.6","108","±89","0.6%","±0.5","986","±331","4.9%","±1.6","80","±62","0.8%","±0.7","69","±49","0.6%","±0.5","859","±407","3.4%","±1.6","1,215","±554","4.8%","±2.2","77","±59","0.4%","±0.3","154","±118","1.0%","±0.7","0","±11","0.0%","±1.1","8","±15","0.2%","±0.4","9","±13","0.2%","±0.2","66","±97","0.4%","±0.6","306","±249","0.8%","±0.6","1","±3","0.0%","±0.1","212","±165","1.6%","±1.3","974","±368","3.2%","±1.2","872","±321","2.3%","±0.9","790","±336","1.9%","±0.8","996","±338","3.1%","±1.0","696","±258","2.1%","±0.8","206","±115","0.5%","±0.3","4,119","±904","9.7%","±2.1","501","±284","1.8%","±1.0","861","±327","4.5%","±1.7","929","±479","3.3%","±1.7","589","±294","1.9%","±1.0","368","±264","1.6%","±1.2","455","±295","4.6%","±3.0","2,537","±548","7.4%","±1.6","2,020","±642","5.8%","±1.8"
"                Asian Indian","0","±17","0.0%","±0.2","0","±17","0.0%","±0.2","309","±197","1.5%","±1.0","23","±40","0.2%","±0.4","20","±31","0.2%","±0.3","137","±166","0.5%","±0.7","139","±159","0.5%","±0.6","0","±17","0.0%","±0.1","17","±26","0.1%","±0.2","0","±11","0.0%","±1.1","0","±11","0.0%","±0.7","0","±15","0.0%","±0.5","0","±17","0.0%","±0.2","79","±124","0.2%","±0.3","0","±15","0.0%","±0.5","0","±17","0.0%","±0.2","223","±159","0.7%","±0.5","83","±72","0.2%","±0.2","50","±61","0.1%","±0.2","467","±284","1.4%","±0.9","216","±151","0.6%","±0.4","7","±13","0.0%","±0.1","205","±183","0.5%","±0.4","33","±42","0.1%","±0.1","150","±153","0.8%","±0.8","109","±103","0.4%","±0.4","156","±117","0.5%","±0.4","7","±12","0.0%","±0.1","81","±97","0.8%","±1.0","1,126","±462","3.3%","±1.3","51","±75","0.1%","±0.2"
"                Chinese","62","±61","0.6%","±0.6","0","±17","0.0%","±0.2","231","±170","1.1%","±0.8","0","±15","0.0%","±0.3","9","±11","0.1%","±0.1","108","±104","0.4%","±0.4","505","±561","2.0%","±2.2","27","±32","0.1%","±0.2","18","±18","0.1%","±0.1","0","±11","0.0%","±1.1","8","±15","0.2%","±0.4","0","±15","0.0%","±0.5","3","±7","0.0%","±0.1","39","±39","0.1%","±0.1","0","±15","0.0%","±0.5","50","±83","0.4%","±0.6","379","±246","1.2%","±0.8","213","±200","0.6%","±0.5","168","±135","0.4%","±0.3","237","±125","0.7%","±0.4","59","±61","0.2%","±0.2","0","±23","0.0%","±0.1","210","±174","0.5%","±0.4","73","±66","0.3%","±0.2","16","±23","0.1%","±0.1","27","±30","0.1%","±0.1","19","±22","0.1%","±0.1","64","±55","0.3%","±0.2","0","±15","0.0%","±0.3","409","±198","1.2%","±0.6","405","±309","1.2%","±0.9"
"                Filipino","0","±17","0.0%","±0.2","16","±24","0.1%","±0.1","20","±32","0.1%","±0.2","0","±15","0.0%","±0.3","0","±17","0.0%","±0.3","4","±7","0.0%","±0.1","26","±36","0.1%","±0.1","29","±47","0.2%","±0.3","22","±36","0.1%","±0.2","0","±11","0.0%","±1.1","0","±11","0.0%","±0.7","0","±15","0.0%","±0.5","0","±17","0.0%","±0.2","14","±22","0.0%","±0.1","0","±15","0.0%","±0.5","8","±13","0.1%","±0.1","0","±23","0.0%","±0.1","112","±107","0.3%","±0.3","81","±90","0.2%","±0.2","28","±24","0.1%","±0.1","81","±62","0.2%","±0.2","22","±28","0.1%","±0.1","14","±21","0.0%","±0.1","30","±38","0.1%","±0.1","87","±93","0.5%","±0.5","166","±138","0.6%","±0.5","20","±21","0.1%","±0.1","244","±266","1.1%","±1.2","12","±20","0.1%","±0.2","92","±95","0.3%","±0.3","25","±30","0.1%","±0.1"
"                Japanese","0","±17","0.0%","±0.2","0","±17","0.0%","±0.2","84","±106","0.4%","±0.5","0","±15","0.0%","±0.3","0","±17","0.0%","±0.3","68","±88","0.3%","±0.3","18","±27","0.1%","±0.1","0","±17","0.0%","±0.1","0","±17","0.0%","±0.2","0","±11","0.0%","±1.1","0","±11","0.0%","±0.7","0","±15","0.0%","±0.5","63","±96","0.4%","±0.5","0","±23","0.0%","±0.1","0","±15","0.0%","±0.5","0","±17","0.0%","±0.2","0","±23","0.0%","±0.1","0","±23","0.0%","±0.1","11","±18","0.0%","±0.1","0","±23","0.0%","±0.1","11","±15","0.0%","±0.1","0","±23","0.0%","±0.1","445","±522","1.0%","±1.2","0","±20","0.0%","±0.1","5","±11","0.0%","±0.1","43","±39","0.2%","±0.1","40","±61","0.1%","±0.2","18","±27","0.1%","±0.1","0","±15","0.0%","±0.3","150","±141","0.4%","±0.4","7","±12","0.0%","±0.1"
"                Korean","0","±17","0.0%","±0.2","0","±17","0.0%","±0.2","119","±96","0.6%","±0.5","30","±32","0.3%","±0.3","12","±20","0.1%","±0.2","24","±28","0.1%","±0.1","142","±133","0.6%","±0.5","13","±21","0.1%","±0.1","52","±85","0.3%","±0.5","0","±11","0.0%","±1.1","0","±11","0.0%","±0.7","9","±13","0.2%","±0.2","0","±17","0.0%","±0.2","154","±212","0.4%","±0.5","1","±3","0.0%","±0.1","104","±121","0.8%","±0.9","76","±126","0.2%","±0.4","252","±134","0.7%","±0.4","383","±268","0.9%","±0.7","62","±76","0.2%","±0.2","88","±92","0.3%","±0.3","13","±15","0.0%","±0.1","172","±111","0.4%","±0.3","11","±17","0.0%","±0.1","43","±55","0.2%","±0.3","26","±48","0.1%","±0.2","105","±76","0.3%","±0.2","8","±13","0.0%","±0.1","8","±14","0.1%","±0.1","571","±277","1.7%","±0.8","38","±43","0.1%","±0.1"
"                Vietnamese","0","±17","0.0%","±0.2","26","±35","0.1%","±0.2","117","±151","0.6%","±0.8","0","±15","0.0%","±0.3","9","±16","0.1%","±0.1","347","±240","1.4%","±1.0","259","±222","1.0%","±0.9","0","±17","0.0%","±0.1","0","±17","0.0%","±0.2","0","±11","0.0%","±1.1","0","±11","0.0%","±0.7","0","±15","0.0%","±0.5","0","±17","0.0%","±0.2","20","±32","0.1%","±0.1","0","±15","0.0%","±0.5","50","±75","0.4%","±0.6","225","±72","0.7%","±0.2","71","±72","0.2%","±0.2","97","±88","0.2%","±0.2","76","±70","0.2%","±0.2","152","±152","0.4%","±0.5","66","±66","0.2%","±0.2","861","±366","2.0%","±0.9","254","±244","0.9%","±0.8","333","±248","1.7%","±1.3","252","±158","0.9%","±0.6","25","±45","0.1%","±0.1","17","±21","0.1%","±0.1","255","±252","2.6%","±2.5","38","±35","0.1%","±0.1","1,037","±561","3.0%","±1.6"
"                Other Asian","0","±17","0.0%","±0.2","66","±83","0.4%","±0.5","106","±95","0.5%","±0.5","27","±43","0.3%","±0.5","19","±33","0.2%","±0.3","171","±253","0.7%","±1.0","126","±131","0.5%","±0.5","8","±13","0.0%","±0.1","45","±56","0.3%","±0.4","0","±11","0.0%","±1.1","0","±11","0.0%","±0.7","0","±15","0.0%","±0.5","0","±17","0.0%","±0.2","0","±23","0.0%","±0.1","0","±15","0.0%","±0.5","0","±17","0.0%","±0.2","71","±52","0.2%","±0.2","141","±80","0.4%","±0.2","0","±23","0.0%","±0.1","126","±103","0.4%","±0.3","89","±61","0.3%","±0.2","98","±91","0.2%","±0.2","2,212","±685","5.2%","±1.6","100","±109","0.4%","±0.4","227","±214","1.2%","±1.1","306","±426","1.1%","±1.5","224","±277","0.7%","±0.9","10","±15","0.0%","±0.1","99","±134","1.0%","±1.3","151","±123","0.4%","±0.4","457","±311","1.3%","±0.9"
"            Native Hawaiian and Other Pacific Islander","0","±17","0.0%","±0.2","26","±40","0.1%","±0.2","0","±20","0.0%","±0.1","0","±15","0.0%","±0.3","18","±35","0.2%","±0.3","0","±20","0.0%","±0.1","36","±43","0.1%","±0.2","10","±17","0.1%","±0.1","0","±17","0.0%","±0.2","0","±11","0.0%","±1.1","0","±11","0.0%","±0.7","2","±4","0.0%","±0.1","0","±17","0.0%","±0.2","0","±23","0.0%","±0.1","0","±15","0.0%","±0.5","0","±17","0.0%","±0.2","0","±23","0.0%","±0.1","0","±23","0.0%","±0.1","0","±23","0.0%","±0.1","0","±23","0.0%","±0.1","13","±21","0.0%","±0.1","40","±48","0.1%","±0.1","0","±23","0.0%","±0.1","0","±20","0.0%","±0.1","48","±65","0.3%","±0.3","0","±20","0.0%","±0.1","30","±43","0.1%","±0.1","0","±20","0.0%","±0.1","0","±15","0.0%","±0.3","12","±19","0.0%","±0.1","15","±25","0.0%","±0.1"
"                Chamorro","0","±17","0.0%","±0.2","0","±17","0.0%","±0.2","0","±20","0.0%","±0.1","0","±15","0.0%","±0.3","0","±17","0.0%","±0.3","0","±20","0.0%","±0.1","0","±20","0.0%","±0.1","0","±17","0.0%","±0.1","0","±17","0.0%","±0.2","0","±11","0.0%","±1.1","0","±11","0.0%","±0.7","0","±15","0.0%","±0.5","0","±17","0.0%","±0.2","0","±23","0.0%","±0.1","0","±15","0.0%","±0.5","0","±17","0.0%","±0.2","0","±23","0.0%","±0.1","0","±23","0.0%","±0.1","0","±23","0.0%","±0.1","0","±23","0.0%","±0.1","13","±21","0.0%","±0.1","0","±23","0.0%","±0.1","0","±23","0.0%","±0.1","0","±20","0.0%","±0.1","0","±17","0.0%","±0.1","0","±20","0.0%","±0.1","0","±23","0.0%","±0.1","0","±20","0.0%","±0.1","0","±15","0.0%","±0.3","0","±23","0.0%","±0.1","0","±23","0.0%","±0.1"
"                Native Hawaiian","0","±17","0.0%","±0.2","0","±17","0.0%","±0.2","0","±20","0.0%","±0.1","0","±15","0.0%","±0.3","0","±17","0.0%","±0.3","0","±20","0.0%","±0.1","36","±43","0.1%","±0.2","10","±17","0.1%","±0.1","0","±17","0.0%","±0.2","0","±11","0.0%","±1.1","0","±11","0.0%","±0.7","0","±15","0.0%","±0.5","0","±17","0.0%","±0.2","0","±23","0.0%","±0.1","0","±15","0.0%","±0.5","0","±17","0.0%","±0.2","0","±23","0.0%","±0.1","0","±23","0.0%","±0.1","0","±23","0.0%","±0.1","0","±23","0.0%","±0.1","0","±23","0.0%","±0.1","40","±48","0.1%","±0.1","0","±23","0.0%","±0.1","0","±20","0.0%","±0.1","0","±17","0.0%","±0.1","0","±20","0.0%","±0.1","30","±43","0.1%","±0.1","0","±20","0.0%","±0.1","0","±15","0.0%","±0.3","0","±23","0.0%","±0.1","8","±14","0.0%","±0.1"
"                Samoan","0","±17","0.0%","±0.2","0","±17","0.0%","±0.2","0","±20","0.0%","±0.1","0","±15","0.0%","±0.3","18","±35","0.2%","±0.3","0","±20","0.0%","±0.1","0","±20","0.0%","±0.1","0","±17","0.0%","±0.1","0","±17","0.0%","±0.2","0","±11","0.0%","±1.1","0","±11","0.0%","±0.7","2","±4","0.0%","±0.1","0","±17","0.0%","±0.2","0","±23","0.0%","±0.1","0","±15","0.0%","±0.5","0","±17","0.0%","±0.2","0","±23","0.0%","±0.1","0","±23","0.0%","±0.1","0","±23","0.0%","±0.1","0","±23","0.0%","±0.1","0","±23","0.0%","±0.1","0","±23","0.0%","±0.1","0","±23","0.0%","±0.1","0","±20","0.0%","±0.1","0","±17","0.0%","±0.1","0","±20","0.0%","±0.1","0","±23","0.0%","±0.1","0","±20","0.0%","±0.1","0","±15","0.0%","±0.3","0","±23","0.0%","±0.1","7","±11","0.0%","±0.1"
"                Other Native Hawaiian and Other Pacific Islander","0","±17","0.0%","±0.2","26","±40","0.1%","±0.2","0","±20","0.0%","±0.1","0","±15","0.0%","±0.3","0","±17","0.0%","±0.3","0","±20","0.0%","±0.1","0","±20","0.0%","±0.1","0","±17","0.0%","±0.1","0","±17","0.0%","±0.2","0","±11","0.0%","±1.1","0","±11","0.0%","±0.7","0","±15","0.0%","±0.5","0","±17","0.0%","±0.2","0","±23","0.0%","±0.1","0","±15","0.0%","±0.5","0","±17","0.0%","±0.2","0","±23","0.0%","±0.1","0","±23","0.0%","±0.1","0","±23","0.0%","±0.1","0","±23","0.0%","±0.1","0","±23","0.0%","±0.1","0","±23","0.0%","±0.1","0","±23","0.0%","±0.1","0","±20","0.0%","±0.1","48","±65","0.3%","±0.3","0","±20","0.0%","±0.1","0","±23","0.0%","±0.1","0","±20","0.0%","±0.1","0","±15","0.0%","±0.3","12","±19","0.0%","±0.1","0","±23","0.0%","±0.1"
"            Some Other Race","259","±147","2.3%","±1.3","141","±104","0.8%","±0.6","120","±112","0.6%","±0.6","31","±34","0.3%","±0.4","117","±90","1.1%","±0.8","341","±235","1.3%","±0.9","49","±45","0.2%","±0.2","201","±214","1.1%","±1.2","450","±426","2.9%","±2.7","0","±11","0.0%","±1.1","7","±11","0.2%","±0.3","48","±71","0.8%","±1.3","203","±210","1.2%","±1.2","628","±665","1.6%","±1.7","32","±31","0.5%","±0.5","120","±163","0.9%","±1.2","606","±322","2.0%","±1.1","2,094","±508","5.6%","±1.3","1,980","±685","4.9%","±1.6","486","±223","1.5%","±0.7","445","±198","1.3%","±0.6","4,069","±920","10.2%","±2.2","1,072","±412","2.5%","±1.0","2,937","±642","10.3%","±2.2","241","±240","1.3%","±1.3","1,634","±655","5.8%","±2.3","390","±337","1.3%","±1.1","588","±314","2.6%","±1.4","295","±184","3.0%","±1.9","137","±107","0.4%","±0.3","2,434","±738","7.0%","±2.1"
"        Two or More Races","648","±251","5.8%","±2.2","1,386","±421","7.7%","±2.4","1,030","±440","5.1%","±2.2","133","±71","1.4%","±0.7","473","±250","4.4%","±2.3","897","±414","3.5%","±1.6","2,006","±917","7.9%","±3.4","1,075","±543","5.8%","±2.8","733","±324","4.7%","±2.1","52","±48","2.1%","±2.2","24","±29","0.6%","±0.7","186","±87","3.3%","±1.5","817","±360","4.7%","±2.1","1,715","±484","4.4%","±1.2","429","±167","7.1%","±2.8","605","±238","4.6%","±1.8","1,873","±551","6.2%","±1.8","4,502","±725","12.0%","±1.8","3,532","±700","8.7%","±1.7","2,867","±778","8.9%","±2.3","2,483","±695","7.3%","±1.9","6,640","±1,433","16.6%","±3.3","4,139","±1,082","9.7%","±2.6","4,551","±1,045","15.9%","±3.4","820","±287","4.3%","±1.5","2,754","±763","9.8%","±2.5","1,751","±488","5.7%","±1.6","987","±352","4.3%","±1.5","858","±429","8.6%","±4.1","1,191","±294","3.5%","±0.8","4,652","±1,128","13.4%","±3.1"
"            White and Black or African American","214","±177","1.9%","±1.6","184","±84","1.0%","±0.5","41","±52","0.2%","±0.3","0","±15","0.0%","±0.3","81","±70","0.7%","±0.6","195","±192","0.8%","±0.7","269","±170","1.1%","±0.7","65","±96","0.3%","±0.5","174","±136","1.1%","±0.9","0","±11","0.0%","±1.1","0","±11","0.0%","±0.7","29","±23","0.5%","±0.4","433","±334","2.5%","±1.9","566","±302","1.4%","±0.8","34","±37","0.6%","±0.6","123","±98","0.9%","±0.8","416","±264","1.4%","±0.9","1,001","±299","2.7%","±0.8","808","±278","2.0%","±0.7","944","±694","2.9%","±2.1","629","±283","1.9%","±0.8","2,114","±727","5.3%","±1.8","1,531","±593","3.6%","±1.4","877","±387","3.1%","±1.3","244","±164","1.3%","±0.9","845","±594","3.0%","±2.1","565","±356","1.9%","±1.2","78","±75","0.3%","±0.3","298","±300","3.0%","±3.0","316","±166","0.9%","±0.5","1,019","±420","2.9%","±1.2"
"            White and American Indian and Alaska Native","189","±98","1.7%","±0.9","55","±51","0.3%","±0.3","36","±36","0.2%","±0.2","28","±26","0.3%","±0.3","1","±5","0.0%","±0.1","93","±102","0.4%","±0.4","102","±78","0.4%","±0.3","131","±104","0.7%","±0.6","117","±79","0.7%","±0.5","10","±14","0.4%","±0.6","0","±11","0.0%","±0.7","24","±23","0.4%","±0.4","91","±74","0.5%","±0.4","262","±232","0.7%","±0.6","226","±139","3.7%","±2.3","83","±68","0.6%","±0.5","119","±93","0.4%","±0.3","316","±118","0.8%","±0.3","311","±132","0.8%","±0.3","177","±91","0.5%","±0.3","234","±124","0.7%","±0.4","118","±87","0.3%","±0.2","261","±170","0.6%","±0.4","347","±289","1.2%","±1.0","51","±44","0.3%","±0.2","122","±108","0.4%","±0.4","176","±97","0.6%","±0.3","210","±104","0.9%","±0.5","82","±89","0.8%","±0.9","204","±144","0.6%","±0.4","272","±132","0.8%","±0.4"
"            White and Asian","44","±36","0.4%","±0.3","0","±17","0.0%","±0.2","379","±339","1.9%","±1.7","3","±6","0.0%","±0.1","79","±80","0.7%","±0.7","73","±59","0.3%","±0.2","162","±100","0.6%","±0.4","37","±46","0.2%","±0.3","151","±152","1.0%","±1.0","18","±33","0.7%","±1.5","12","±21","0.3%","±0.6","16","±25","0.3%","±0.4","28","±45","0.2%","±0.3","131","±127","0.3%","±0.3","67","±74","1.1%","±1.2","163","±127","1.2%","±1.0","406","±266","1.3%","±0.9","297","±159","0.8%","±0.4","123","±70","0.3%","±0.2","247","±170","0.8%","±0.5","776","±341","2.3%","±1.0","121","±109","0.3%","±0.3","334","±194","0.8%","±0.5","46","±50","0.2%","±0.2","73","±62","0.4%","±0.3","199","±140","0.7%","±0.5","314","±164","1.0%","±0.5","115","±95","0.5%","±0.4","35","±42","0.4%","±0.4","305","±137","0.9%","±0.4","145","±89","0.4%","±0.3"
"            White and Some Other Race","111","±115","1.0%","±1.0","873","±337","4.8%","±1.9","481","±242","2.4%","±1.2","64","±54","0.7%","±0.6","122","±102","1.1%","±0.9","472","±311","1.9%","±1.2","1,440","±944","5.7%","±3.6","773","±522","4.1%","±2.7","270","±234","1.7%","±1.5","13","±17","0.5%","±0.7","12","±19","0.3%","±0.5","99","±62","1.7%","±1.1","173","±136","1.0%","±0.8","449","±194","1.1%","±0.5","76","±55","1.3%","±0.9","218","±102","1.7%","±0.8","787","±446","2.6%","±1.5","2,226","±748","5.9%","±1.9","1,806","±594","4.4%","±1.5","664","±245","2.1%","±0.7","583","±358","1.7%","±1.0","3,220","±1,055","8.1%","±2.5","1,532","±970","3.6%","±2.3","2,707","±918","9.5%","±3.1","222","±137","1.2%","±0.7","1,517","±436","5.4%","±1.5","549","±266","1.8%","±0.9","584","±311","2.5%","±1.4","275","±203","2.8%","±2.0","319","±168","0.9%","±0.5","2,590","±924","7.5%","±2.6"
"            Black or African American and American Indian and Alaska Native","0","±17","0.0%","±0.2","0","±17","0.0%","±0.2","0","±20","0.0%","±0.1","0","±15","0.0%","±0.3","0","±17","0.0%","±0.3","0","±20","0.0%","±0.1","0","±20","0.0%","±0.1","0","±17","0.0%","±0.1","14","±24","0.1%","±0.2","0","±11","0.0%","±1.1","0","±11","0.0%","±0.7","0","±15","0.0%","±0.5","0","±17","0.0%","±0.2","0","±23","0.0%","±0.1","0","±15","0.0%","±0.5","0","±17","0.0%","±0.2","10","±15","0.0%","±0.1","89","±81","0.2%","±0.2","143","±103","0.4%","±0.3","252","±288","0.8%","±0.9","4","±7","0.0%","±0.1","123","±112","0.3%","±0.3","4","±8","0.0%","±0.1","88","±84","0.3%","±0.3","23","±31","0.1%","±0.2","0","±20","0.0%","±0.1","0","±23","0.0%","±0.1","0","±20","0.0%","±0.1","28","±44","0.3%","±0.4","0","±23","0.0%","±0.1","143","±156","0.4%","±0.5"
"            Black or African American and Some Other Race","0","±17","0.0%","±0.2","196","±263","1.1%","±1.5","0","±20","0.0%","±0.1","5","±10","0.1%","±0.1","14","±25","0.1%","±0.2","39","±61","0.2%","±0.2","0","±20","0.0%","±0.1","0","±17","0.0%","±0.1","0","±17","0.0%","±0.2","0","±11","0.0%","±1.1","0","±11","0.0%","±0.7","0","±15","0.0%","±0.5","0","±17","0.0%","±0.2","0","±23","0.0%","±0.1","0","±15","0.0%","±0.5","0","±17","0.0%","±0.2","0","±23","0.0%","±0.1","149","±120","0.4%","±0.3","27","±44","0.1%","±0.1","92","±84","0.3%","±0.3","7","±12","0.0%","±0.1","403","±266","1.0%","±0.7","189","±256","0.4%","±0.6","34","±46","0.1%","±0.2","144","±185","0.8%","±1.0","17","±28","0.1%","±0.1","0","±23","0.0%","±0.1","0","±20","0.0%","±0.1","23","±34","0.2%","±0.3","39","±59","0.1%","±0.2","56","±61","0.2%","±0.2"
"Race alone or in combination with one or more other races","","","","","","","","","","","","","","","","","","","","","","","","","","","","","","","","","","","","","","","","","","","","","","","","","","","","","","","","","","","","","","","","","","","","","","","","","","","","","","","","","","","","","","","","","","","","","","","","","","","","","","","","","","","","","","","","","","","","","","","","","","","",""
"    Total population","11,112","±533","11,112","(X)","18,043","±754","18,043","(X)","20,092","±845","20,092","(X)","9,582","±1,195","9,582","(X)","10,847","±855","10,847","(X)","25,397","±1,139","25,397","(X)","25,291","±1,950","25,291","(X)","18,658","±1,397","18,658","(X)","15,740","±725","15,740","(X)","2,481","±543","2,481","(X)","3,767","±533","3,767","(X)","5,681","±354","5,681","(X)","17,522","±571","17,522","(X)","39,094","±1,343","39,094","(X)","6,062","±750","6,062","(X)","13,155","±810","13,155","(X)","30,419","±1,153","30,419","(X)","37,471","±1,775","37,471","(X)","40,686","±1,808","40,686","(X)","32,325","±1,356","32,325","(X)","33,877","±1,414","33,877","(X)","39,899","±2,201","39,899","(X)","42,515","±1,767","42,515","(X)","28,549","±1,402","28,549","(X)","19,141","±1,284","19,141","(X)","28,070","±1,446","28,070","(X)","30,509","±1,233","30,509","(X)","23,008","±904","23,008","(X)","9,977","±875","9,977","(X)","34,308","±1,476","34,308","(X)","34,615","±1,686","34,615","(X)"
"        White","10,764","±561","96.9%","±1.4","17,368","±820","96.3%","±1.7","18,833","±872","93.7%","±1.9","9,443","±1,207","98.5%","±0.8","10,456","±852","96.4%","±1.4","24,001","±1,215","94.5%","±2.0","23,329","±1,941","92.2%","±2.5","18,278","±1,423","98.0%","±1.4","13,826","±868","87.8%","±3.6","2,443","±546","98.5%","±1.8","3,733","±535","99.1%","±0.8","5,601","±376","98.6%","±1.3","16,955","±667","96.8%","±1.9","37,782","±1,354","96.6%","±1.9","6,015","±746","99.2%","±0.6","12,721","±817","96.7%","±1.8","27,584","±1,126","90.7%","±2.0","28,788","±1,585","76.8%","±2.0","34,853","±1,721","85.7%","±2.3","25,567","±1,275","79.1%","±2.9","29,273","±1,184","86.4%","±1.8","21,353","±1,772","53.5%","±3.8","25,560","±1,838","60.1%","±4.1","20,911","±1,581","73.2%","±4.2","13,931","±1,280","72.8%","±4.4","22,766","±1,312","81.1%","±3.3","28,538","±1,229","93.5%","±1.6","21,506","±1,039","93.5%","±2.2","8,679","±978","87.0%","±4.7","29,073","±1,653","84.7%","±2.6","24,562","±1,431","71.0%","±3.4"
"        Black or African American","239","±175","2.2%","±1.6","573","±256","3.2%","±1.4","269","±188","1.3%","±0.9","54","±45","0.6%","±0.5","351","±207","3.2%","±1.9","353","±270","1.4%","±1.0","843","±311","3.3%","±1.2","156","±161","0.8%","±0.9","1,464","±447","9.3%","±2.8","11","±15","0.4%","±0.7","0","±11","0.0%","±0.7","50","±38","0.9%","±0.7","815","±450","4.7%","±2.6","932","±402","2.4%","±1.0","56","±46","0.9%","±0.8","238","±142","1.8%","±1.1","1,649","±538","5.4%","±1.7","6,621","±817","17.7%","±2.1","3,897","±781","9.6%","±1.8","6,349","±1,112","19.6%","±3.1","4,111","±754","12.1%","±2.0","16,668","±1,842","41.8%","±3.5","13,234","±1,852","31.1%","±3.7","4,675","±1,003","16.4%","±3.3","4,206","±931","22.0%","±4.7","3,292","±790","11.7%","±2.6","1,560","±580","5.1%","±1.9","595","±328","2.6%","±1.4","786","±339","7.9%","±3.3","2,772","±622","8.1%","±1.8","6,624","±1,052","19.1%","±2.8"
"        American Indian and Alaska Native","224","±111","2.0%","±1.0","80","±63","0.4%","±0.3","90","±74","0.4%","±0.4","47","±42","0.5%","±0.4","214","±212","2.0%","±2.0","131","±105","0.5%","±0.4","207","±112","0.8%","±0.4","270","±162","1.4%","±0.8","163","±97","1.0%","±0.6","37","±38","1.5%","±1.6","19","±24","0.5%","±0.7","24","±23","0.4%","±0.4","189","±129","1.1%","±0.7","490","±311","1.3%","±0.8","242","±140","4.0%","±2.3","106","±75","0.8%","±0.6","161","±98","0.5%","±0.3","1,168","±360","3.1%","±1.0","773","±245","1.9%","±0.6","556","±311","1.7%","±0.9","469","±232","1.4%","±0.7","522","±210","1.3%","±0.5","366","±235","0.9%","±0.6","1,296","±419","4.5%","±1.5","270","±162","1.4%","±0.8","446","±270","1.6%","±1.0","285","±186","0.9%","±0.6","239","±104","1.0%","±0.5","233","±196","2.3%","±2.0","298","±192","0.9%","±0.6","941","±361","2.7%","±1.0"
"        Asian","139","±91","1.3%","±0.8","168","±92","0.9%","±0.5","1,388","±499","6.9%","±2.4","90","±66","0.9%","±0.7","148","±103","1.4%","±1.0","957","±413","3.8%","±1.6","1,393","±557","5.5%","±2.2","114","±75","0.6%","±0.4","305","±195","1.9%","±1.3","18","±33","0.7%","±1.5","20","±27","0.5%","±0.7","43","±47","0.8%","±0.8","95","±106","0.5%","±0.6","660","±398","1.7%","±1.0","68","±74","1.1%","±1.2","375","±233","2.9%","±1.8","1,493","±527","4.9%","±1.7","1,233","±375","3.3%","±1.0","926","±358","2.3%","±0.9","1,478","±526","4.6%","±1.6","1,620","±488","4.8%","±1.4","397","±189","1.0%","±0.5","4,607","±935","10.8%","±2.3","659","±354","2.3%","±1.2","995","±344","5.2%","±1.8","1,129","±498","4.0%","±1.7","924","±355","3.0%","±1.2","483","±278","2.1%","±1.2","505","±298","5.1%","±3.0","2,849","±582","8.3%","±1.7","2,330","±683","6.7%","±1.9"
"        Native Hawaiian and Other Pacific Islander","56","±80","0.5%","±0.7","64","±66","0.4%","±0.4","0","±20","0.0%","±0.1","0","±15","0.0%","±0.3","18","±35","0.2%","±0.3","0","±20","0.0%","±0.1","36","±43","0.1%","±0.2","10","±17","0.1%","±0.1","1","±6","0.0%","±0.1","11","±19","0.4%","±0.7","0","±11","0.0%","±0.7","16","±26","0.3%","±0.5","1","±2","0.0%","±0.1","0","±23","0.0%","±0.1","13","±20","0.2%","±0.3","0","±17","0.0%","±0.2","125","±159","0.4%","±0.5","3","±5","0.0%","±0.1","45","±52","0.1%","±0.1","118","±137","0.4%","±0.4","60","±69","0.2%","±0.2","61","±53","0.2%","±0.1","107","±125","0.3%","±0.3","36","±32","0.1%","±0.1","50","±65","0.3%","±0.3","1","±2","0.0%","±0.1","98","±76","0.3%","±0.3","0","±20","0.0%","±0.1","0","±15","0.0%","±0.3","12","±19","0.0%","±0.1","19","±26","0.1%","±0.1"
"        Some Other Race","371","±181","3.3%","±1.6","1,250","±448","6.9%","±2.5","635","±294","3.2%","±1.5","126","±80","1.3%","±0.8","281","±147","2.6%","±1.3","852","±373","3.4%","±1.5","1,506","±956","6.0%","±3.6","974","±562","5.2%","±2.9","720","±508","4.6%","±3.2","13","±17","0.5%","±0.7","19","±21","0.5%","±0.6","165","±88","2.9%","±1.6","376","±259","2.1%","±1.5","1,203","±736","3.1%","±1.9","110","±61","1.8%","±1.0","338","±227","2.6%","±1.7","1,415","±529","4.7%","±1.7","4,563","±956","12.2%","±2.3","4,004","±928","9.8%","±2.2","1,314","±351","4.1%","±1.1","1,072","±402","3.2%","±1.1","8,096","±1,323","20.3%","±2.9","3,011","±1,110","7.1%","±2.6","5,873","±971","20.6%","±3.2","609","±324","3.2%","±1.7","3,206","±758","11.4%","±2.6","949","±435","3.1%","±1.4","1,172","±468","5.1%","±2.0","679","±305","6.8%","±3.0","496","±219","1.4%","±0.6","5,156","±1,142","14.9%","±3.1"
"HISPANIC OR LATINO AND RACE","","","","","","","","","","","","","","","","","","","","","","","","","","","","","","","","","","","","","","","","","","","","","","","","","","","","","","","","","","","","","","","","","","","","","","","","","","","","","","","","","","","","","","","","","","","","","","","","","","","","","","","","","","","","","","","","","","","","","","","","","","","",""
"    Total population","11,112","±533","11,112","(X)","18,043","±754","18,043","(X)","20,092","±845","20,092","(X)","9,582","±1,195","9,582","(X)","10,847","±855","10,847","(X)","25,397","±1,139","25,397","(X)","25,291","±1,950","25,291","(X)","18,658","±1,397","18,658","(X)","15,740","±725","15,740","(X)","2,481","±543","2,481","(X)","3,767","±533","3,767","(X)","5,681","±354","5,681","(X)","17,522","±571","17,522","(X)","39,094","±1,343","39,094","(X)","6,062","±750","6,062","(X)","13,155","±810","13,155","(X)","30,419","±1,153","30,419","(X)","37,471","±1,775","37,471","(X)","40,686","±1,808","40,686","(X)","32,325","±1,356","32,325","(X)","33,877","±1,414","33,877","(X)","39,899","±2,201","39,899","(X)","42,515","±1,767","42,515","(X)","28,549","±1,402","28,549","(X)","19,141","±1,284","19,141","(X)","28,070","±1,446","28,070","(X)","30,509","±1,233","30,509","(X)","23,008","±904","23,008","(X)","9,977","±875","9,977","(X)","34,308","±1,476","34,308","(X)","34,615","±1,686","34,615","(X)"
"        Hispanic or Latino (of any race)","388","±176","3.5%","±1.6","877","±300","4.9%","±1.7","1,077","±339","5.4%","±1.7","167","±119","1.7%","±1.3","687","±398","6.3%","±3.6","943","±363","3.7%","±1.4","1,748","±961","6.9%","±3.7","1,010","±452","5.4%","±2.3","1,744","±538","11.1%","±3.3","65","±55","2.6%","±2.4","264","±173","7.0%","±4.4","581","±344","10.2%","±6.0","540","±236","3.1%","±1.3","1,130","±481","2.9%","±1.2","110","±82","1.8%","±1.3","362","±119","2.8%","±0.9","1,881","±561","6.2%","±1.8","6,852","±956","18.3%","±2.3","5,604","±854","13.8%","±2.0","2,116","±488","6.5%","±1.4","1,451","±425","4.3%","±1.2","13,468","±1,269","33.8%","±2.6","4,576","±1,121","10.8%","±2.6","9,174","±881","32.1%","±2.9","1,401","±527","7.3%","±2.7","4,883","±868","17.4%","±2.9","1,168","±407","3.8%","±1.3","977","±388","4.2%","±1.7","949","±359","9.5%","±3.6","1,057","±314","3.1%","±0.9","7,437","±1,134","21.5%","±3.0"
"            Mexican","364","±170","3.3%","±1.6","401","±205","2.2%","±1.1","586","±302","2.9%","±1.5","112","±101","1.2%","±1.1","320","±192","3.0%","±1.7","762","±370","3.0%","±1.5","276","±139","1.1%","±0.5","844","±422","4.5%","±2.2","1,406","±545","8.9%","±3.4","58","±56","2.3%","±2.4","206","±152","5.5%","±3.9","545","±346","9.6%","±6.0","430","±211","2.5%","±1.2","778","±470","2.0%","±1.2","89","±80","1.5%","±1.3","239","±110","1.8%","±0.8","1,199","±516","3.9%","±1.7","4,376","±885","11.7%","±2.3","4,020","±824","9.9%","±2.0","1,295","±415","4.0%","±1.2","659","±210","1.9%","±0.6","7,850","±1,164","19.7%","±2.7","3,142","±1,121","7.4%","±2.7","5,341","±858","18.7%","±2.9","816","±376","4.3%","±1.9","3,127","±763","11.1%","±2.6","650","±292","2.1%","±1.0","844","±372","3.7%","±1.6","651","±328","6.5%","±3.3","619","±266","1.8%","±0.8","4,609","±875","13.3%","±2.4"
"            Puerto Rican","4","±8","0.0%","±0.1","201","±163","1.1%","±0.9","61","±90","0.3%","±0.4","26","±42","0.3%","±0.4","0","±17","0.0%","±0.3","0","±20","0.0%","±0.1","16","±25","0.1%","±0.1","107","±100","0.6%","±0.5","298","±202","1.9%","±1.3","0","±11","0.0%","±1.1","38","±60","1.0%","±1.6","11","±13","0.2%","±0.2","110","±102","0.6%","±0.6","153","±124","0.4%","±0.3","14","±17","0.2%","±0.3","23","±31","0.2%","±0.2","181","±141","0.6%","±0.5","458","±183","1.2%","±0.5","524","±276","1.3%","±0.7","281","±199","0.9%","±0.6","28","±33","0.1%","±0.1","1,551","±503","3.9%","±1.3","413","±225","1.0%","±0.5","691","±360","2.4%","±1.3","326","±248","1.7%","±1.3","693","±364","2.5%","±1.3","229","±227","0.8%","±0.7","40","±46","0.2%","±0.2","104","±105","1.0%","±1.0","76","±71","0.2%","±0.2","1,657","±641","4.8%","±1.8"
"            Cuban","6","±12","0.1%","±0.1","0","±17","0.0%","±0.2","0","±20","0.0%","±0.1","10","±14","0.1%","±0.2","125","±147","1.2%","±1.4","56","±81","0.2%","±0.3","22","±38","0.1%","±0.2","0","±17","0.0%","±0.1","0","±17","0.0%","±0.2","0","±11","0.0%","±1.1","0","±11","0.0%","±0.7","0","±15","0.0%","±0.5","0","±17","0.0%","±0.2","55","±75","0.1%","±0.2","2","±3","0.0%","±0.1","7","±10","0.1%","±0.1","258","±283","0.8%","±0.9","129","±112","0.3%","±0.3","158","±174","0.4%","±0.4","18","±28","0.1%","±0.1","59","±45","0.2%","±0.1","221","±131","0.6%","±0.3","41","±63","0.1%","±0.1","683","±455","2.4%","±1.6","16","±29","0.1%","±0.2","124","±107","0.4%","±0.4","50","±54","0.2%","±0.2","17","±30","0.1%","±0.1","51","±86","0.5%","±0.9","71","±112","0.2%","±0.3","300","±286","0.9%","±0.8"
"            Other Hispanic or Latino","14","±15","0.1%","±0.1","275","±240","1.5%","±1.3","430","±210","2.1%","±1.0","19","±30","0.2%","±0.3","242","±218","2.2%","±2.0","125","±130","0.5%","±0.5","1,434","±936","5.7%","±3.6","59","±66","0.3%","±0.4","40","±47","0.3%","±0.3","7","±11","0.3%","±0.5","20","±25","0.5%","±0.7","25","±28","0.4%","±0.5","0","±17","0.0%","±0.2","144","±96","0.4%","±0.2","5","±8","0.1%","±0.1","93","±80","0.7%","±0.6","243","±161","0.8%","±0.5","1,889","±453","5.0%","±1.2","902","±361","2.2%","±0.9","522","±267","1.6%","±0.8","705","±387","2.1%","±1.1","3,846","±911","9.6%","±2.2","980","±382","2.3%","±0.9","2,459","±478","8.6%","±1.7","243","±224","1.3%","±1.2","939","±405","3.3%","±1.4","239","±195","0.8%","±0.6","76","±59","0.3%","±0.3","143","±150","1.4%","±1.5","291","±166","0.8%","±0.5","871","±296","2.5%","±0.9"
"        Not Hispanic or Latino","10,724","±576","96.5%","±1.6","17,166","±812","95.1%","±1.7","19,015","±871","94.6%","±1.7","9,415","±1,202","98.3%","±1.3","10,160","±856","93.7%","±3.6","24,454","±1,191","96.3%","±1.4","23,543","±1,829","93.1%","±3.7","17,648","±1,297","94.6%","±2.3","13,996","±799","88.9%","±3.3","2,416","±549","97.4%","±2.4","3,503","±500","93.0%","±4.4","5,100","±465","89.8%","±6.0","16,982","±576","96.9%","±1.3","37,964","±1,322","97.1%","±1.2","5,952","±742","98.2%","±1.3","12,793","±805","97.2%","±0.9","28,538","±1,193","93.8%","±1.8","30,619","±1,615","81.7%","±2.3","35,082","±1,671","86.2%","±2.0","30,209","±1,286","93.5%","±1.4","32,426","±1,320","95.7%","±1.2","26,431","±1,825","66.2%","±2.6","37,939","±1,969","89.2%","±2.6","19,375","±1,335","67.9%","±2.9","17,740","±1,287","92.7%","±2.7","23,187","±1,375","82.6%","±2.9","29,341","±1,302","96.2%","±1.3","22,031","±926","95.8%","±1.7","9,028","±912","90.5%","±3.6","33,251","±1,473","96.9%","±0.9","27,178","±1,565","78.5%","±3.0"
"            White alone","10,027","±581","90.2%","±2.4","15,913","±869","88.2%","±2.4","17,259","±953","85.9%","±3.2","9,242","±1,208","96.5%","±1.5","9,586","±897","88.4%","±4.4","22,704","±1,222","89.4%","±2.5","20,990","±1,766","83.0%","±3.8","16,895","±1,403","90.6%","±3.4","11,921","±840","75.7%","±4.0","2,333","±568","94.0%","±3.8","3,449","±495","91.6%","±4.2","4,985","±481","87.7%","±6.3","15,795","±766","90.1%","±2.9","35,436","±1,369","90.6%","±2.6","5,504","±730","90.8%","±3.2","11,916","±862","90.6%","±2.9","25,058","±1,154","82.4%","±2.7","22,572","±1,427","60.2%","±2.3","29,861","±1,653","73.4%","±2.6","22,613","±1,147","70.0%","±3.0","26,362","±947","77.8%","±2.6","11,206","±1,034","28.1%","±2.6","20,582","±1,454","48.4%","±3.0","14,464","±1,205","50.7%","±3.6","12,499","±1,188","65.3%","±4.2","18,745","±1,163","66.8%","±3.7","26,253","±1,386","86.1%","±2.5","20,327","±1,125","88.3%","±2.8","7,666","±832","76.8%","±4.4","27,356","±1,610","79.7%","±2.7","17,956","±1,105","51.9%","±3.1"
"            Black or African American alone","25","±30","0.2%","±0.3","175","±220","1.0%","±1.2","149","±137","0.7%","±0.7","16","±7","0.2%","±0.1","108","±83","1.0%","±0.8","106","±87","0.4%","±0.3","558","±220","2.2%","±0.9","22","±34","0.1%","±0.2","1,118","±403","7.1%","±2.5","11","±15","0.4%","±0.7","0","±11","0.0%","±0.7","21","±30","0.4%","±0.5","291","±214","1.7%","±1.2","282","±200","0.7%","±0.5","9","±16","0.1%","±0.3","97","±84","0.7%","±0.6","1,213","±482","4.0%","±1.6","4,988","±641","13.3%","±1.7","2,565","±607","6.3%","±1.4","4,581","±833","14.2%","±2.4","3,256","±605","9.6%","±1.6","12,606","±1,519","31.6%","±3.2","11,199","±1,769","26.3%","±3.7","2,932","±931","10.3%","±3.2","3,546","±841","18.5%","±4.3","2,199","±520","7.8%","±1.8","926","±307","3.0%","±1.0","517","±305","2.2%","±1.3","395","±224","4.0%","±2.3","2,381","±634","6.9%","±1.8","4,914","±1,041","14.2%","±2.8"
"            American Indian and Alaska Native alone","1","±3","0.0%","±0.1","25","±38","0.1%","±0.2","4","±6","0.0%","±0.1","0","±15","0.0%","±0.3","37","±32","0.3%","±0.3","26","±38","0.1%","±0.1","72","±82","0.3%","±0.3","70","±64","0.4%","±0.3","20","±34","0.1%","±0.2","27","±39","1.1%","±1.6","19","±24","0.5%","±0.7","0","±15","0.0%","±0.5","7","±9","0.0%","±0.1","42","±48","0.1%","±0.1","5","±7","0.1%","±0.1","5","±11","0.0%","±0.1","22","±25","0.1%","±0.1","287","±165","0.8%","±0.4","149","±108","0.4%","±0.3","15","±17","0.0%","±0.1","88","±88","0.3%","±0.3","120","±107","0.3%","±0.3","15","±15","0.0%","±0.1","0","±20","0.0%","±0.1","84","±74","0.4%","±0.4","53","±54","0.2%","±0.2","36","±35","0.1%","±0.1","29","±24","0.1%","±0.1","32","±37","0.3%","±0.4","21","±23","0.1%","±0.1","76","±66","0.2%","±0.2"
"            Asian alone","62","±61","0.6%","±0.6","108","±89","0.6%","±0.5","973","±332","4.8%","±1.6","80","±62","0.8%","±0.7","69","±49","0.6%","±0.5","859","±407","3.4%","±1.6","1,215","±554","4.8%","±2.2","77","±59","0.4%","±0.3","154","±118","1.0%","±0.7","0","±11","0.0%","±1.1","8","±15","0.2%","±0.4","9","±13","0.2%","±0.2","66","±97","0.4%","±0.6","306","±249","0.8%","±0.6","1","±3","0.0%","±0.1","212","±165","1.6%","±1.3","974","±368","3.2%","±1.2","818","±313","2.2%","±0.8","768","±335","1.9%","±0.8","996","±338","3.1%","±1.0","696","±258","2.1%","±0.8","196","±117","0.5%","±0.3","4,107","±902","9.7%","±2.1","483","±280","1.7%","±1.0","861","±327","4.5%","±1.7","929","±479","3.3%","±1.7","589","±294","1.9%","±1.0","368","±264","1.6%","±1.2","455","±295","4.6%","±3.0","2,537","±548","7.4%","±1.6","1,995","±638","5.8%","±1.8"
"            Native Hawaiian and Other Pacific Islander alone","0","±17","0.0%","±0.2","26","±40","0.1%","±0.2","0","±20","0.0%","±0.1","0","±15","0.0%","±0.3","0","±17","0.0%","±0.3","0","±20","0.0%","±0.1","36","±43","0.1%","±0.2","0","±17","0.0%","±0.1","0","±17","0.0%","±0.2","0","±11","0.0%","±1.1","0","±11","0.0%","±0.7","2","±4","0.0%","±0.1","0","±17","0.0%","±0.2","0","±23","0.0%","±0.1","0","±15","0.0%","±0.5","0","±17","0.0%","±0.2","0","±23","0.0%","±0.1","0","±23","0.0%","±0.1","0","±23","0.0%","±0.1","0","±23","0.0%","±0.1","0","±23","0.0%","±0.1","40","±48","0.1%","±0.1","0","±23","0.0%","±0.1","0","±20","0.0%","±0.1","48","±65","0.3%","±0.3","0","±20","0.0%","±0.1","30","±43","0.1%","±0.1","0","±20","0.0%","±0.1","0","±15","0.0%","±0.3","12","±19","0.0%","±0.1","0","±23","0.0%","±0.1"
"            Some Other Race alone","0","±17","0.0%","±0.2","112","±98","0.6%","±0.5","39","±62","0.2%","±0.3","0","±15","0.0%","±0.3","12","±18","0.1%","±0.2","182","±228","0.7%","±0.9","0","±20","0.0%","±0.1","0","±17","0.0%","±0.1","273","±405","1.7%","±2.6","0","±11","0.0%","±1.1","3","±8","0.1%","±0.2","0","±15","0.0%","±0.5","140","±198","0.8%","±1.1","520","±664","1.3%","±1.7","15","±17","0.2%","±0.3","99","±160","0.8%","±1.2","15","±24","0.0%","±0.1","61","±51","0.2%","±0.1","202","±187","0.5%","±0.5","166","±120","0.5%","±0.4","165","±124","0.5%","±0.4","87","±121","0.2%","±0.3","32","±44","0.1%","±0.1","93","±101","0.3%","±0.4","24","±37","0.1%","±0.2","82","±99","0.3%","±0.4","220","±296","0.7%","±1.0","272","±229","1.2%","±1.0","18","±31","0.2%","±0.3","22","±37","0.1%","±0.1","61","±68","0.2%","±0.2"
"            Two or More Races","609","±248","5.5%","±2.2","807","±354","4.5%","±2.0","591","±393","2.9%","±1.9","77","±45","0.8%","±0.5","348","±231","3.2%","±2.1","577","±328","2.3%","±1.3","672","±223","2.7%","±0.9","584","±446","3.1%","±2.4","510","±221","3.2%","±1.4","45","±44","1.8%","±2.0","24","±29","0.6%","±0.7","83","±49","1.5%","±0.9","683","±344","3.9%","±2.0","1,378","±465","3.5%","±1.2","418","±168","6.9%","±2.8","464","±225","3.5%","±1.7","1,256","±406","4.1%","±1.3","1,893","±451","5.1%","±1.2","1,537","±437","3.8%","±1.1","1,838","±716","5.7%","±2.2","1,859","±471","5.5%","±1.3","2,176","±846","5.5%","±2.0","2,004","±616","4.7%","±1.5","1,403","±456","4.9%","±1.5","678","±285","3.5%","±1.5","1,179","±634","4.2%","±2.2","1,287","±493","4.2%","±1.6","518","±194","2.3%","±0.9","462","±345","4.6%","±3.4","922","±220","2.7%","±0.6","2,176","±622","6.3%","±1.8"
"                Two races including Some Other Race","73","±109","0.7%","±1.0","504","±335","2.8%","±1.9","76","±94","0.4%","±0.5","39","±36","0.4%","±0.4","39","±47","0.4%","±0.4","203","±204","0.8%","±0.8","142","±130","0.6%","±0.5","335","±414","1.8%","±2.2","47","±41","0.3%","±0.3","6","±10","0.2%","±0.4","12","±19","0.3%","±0.5","18","±28","0.3%","±0.5","39","±34","0.2%","±0.2","239","±161","0.6%","±0.4","68","±53","1.1%","±0.9","95","±67","0.7%","±0.5","197","±156","0.6%","±0.5","202","±103","0.5%","±0.3","354","±288","0.9%","±0.7","176","±112","0.5%","±0.3","112","±85","0.3%","±0.2","96","±106","0.2%","±0.3","233","±283","0.5%","±0.7","147","±148","0.5%","±0.5","284","±224","1.5%","±1.2","46","±50","0.2%","±0.2","119","±97","0.4%","±0.3","115","±92","0.5%","±0.4","53","±54","0.5%","±0.5","173","±109","0.5%","±0.3","671","±522","1.9%","±1.5"
"                Two races excluding Some Other Race, and three or more races","536","±216","4.8%","±1.9","303","±121","1.7%","±0.7","515","±347","2.6%","±1.7","38","±28","0.4%","±0.3","309","±230","2.8%","±2.1","374","±231","1.5%","±0.9","530","±196","2.1%","±0.8","249","±166","1.3%","±0.9","463","±220","2.9%","±1.4","39","±42","1.6%","±1.9","12","±21","0.3%","±0.6","65","±38","1.1%","±0.7","644","±348","3.7%","±2.0","1,139","±430","2.9%","±1.1","350","±169","5.8%","±2.8","369","±217","2.8%","±1.7","1,059","±390","3.5%","±1.3","1,691","±449","4.5%","±1.2","1,183","±340","2.9%","±0.9","1,662","±719","5.1%","±2.2","1,747","±453","5.2%","±1.2","2,080","±840","5.2%","±2.0","1,771","±531","4.2%","±1.3","1,256","±374","4.4%","±1.3","394","±210","2.1%","±1.1","1,133","±638","4.0%","±2.2","1,168","±481","3.8%","±1.6","403","±149","1.8%","±0.7","409","±331","4.1%","±3.2","749","±213","2.2%","±0.6","1,505","±484","4.3%","±1.4"
"Total housing units","4,550","±301","(X)","(X)","7,445","±453","(X)","(X)","7,215","±328","(X)","(X)","3,141","±279","(X)","(X)","4,145","±310","(X)","(X)","9,330","±538","(X)","(X)","9,423","±674","(X)","(X)","7,438","±571","(X)","(X)","6,880","±315","(X)","(X)","783","±97","(X)","(X)","1,765","±237","(X)","(X)","2,057","±195","(X)","(X)","6,961","±349","(X)","(X)","14,911","±567","(X)","(X)","2,581","±286","(X)","(X)","5,021","±373","(X)","(X)","12,546","±595","(X)","(X)","18,504","±672","(X)","(X)","18,640","±738","(X)","(X)","14,104","±556","(X)","(X)","13,190","±541","(X)","(X)","13,717","±597","(X)","(X)","16,393","±665","(X)","(X)","10,722","±546","(X)","(X)","8,852","±610","(X)","(X)","11,564","±447","(X)","(X)","12,410","±524","(X)","(X)","9,717","±476","(X)","(X)","4,318","±416","(X)","(X)","13,604","±484","(X)","(X)","12,942","±528","(X)","(X)"
"CITIZEN, VOTING AGE POPULATION","","","","","","","","","","","","","","","","","","","","","","","","","","","","","","","","","","","","","","","","","","","","","","","","","","","","","","","","","","","","","","","","","","","","","","","","","","","","","","","","","","","","","","","","","","","","","","","","","","","","","","","","","","","","","","","","","","","","","","","","","","","",""
"    Citizen, 18 and over population","8,860","±536","8,860","(X)","13,877","±699","13,877","(X)","14,243","±601","14,243","(X)","6,530","±630","6,530","(X)","8,311","±786","8,311","(X)","18,100","±864","18,100","(X)","18,273","±1,395","18,273","(X)","14,544","±1,281","14,544","(X)","12,038","±592","12,038","(X)","1,601","±223","1,601","(X)","2,867","±369","2,867","(X)","3,795","±451","3,795","(X)","13,401","±553","13,401","(X)","28,340","±1,040","28,340","(X)","4,869","±604","4,869","(X)","9,880","±614","9,880","(X)","23,385","±1,039","23,385","(X)","28,714","±1,443","28,714","(X)","31,562","±1,289","31,562","(X)","24,419","±1,133","24,419","(X)","25,031","±1,130","25,031","(X)","23,649","±1,414","23,649","(X)","27,110","±1,361","27,110","(X)","19,081","±1,035","19,081","(X)","14,234","±1,043","14,234","(X)","20,945","±1,203","20,945","(X)","23,152","±1,200","23,152","(X)","17,719","±857","17,719","(X)","7,610","±680","7,610","(X)","24,678","±995","24,678","(X)","22,986","±1,057","22,986","(X)"
"        Male","4,538","±366","51.2%","±2.0","7,053","±470","50.8%","±2.2","7,207","±420","50.6%","±1.8","3,324","±355","50.9%","±2.2","4,206","±540","50.6%","±2.7","9,168","±570","50.7%","±1.6","8,802","±695","48.2%","±1.5","7,366","±776","50.6%","±2.4","5,903","±406","49.0%","±2.6","810","±129","50.6%","±3.1","1,447","±209","50.5%","±2.7","1,994","±276","52.5%","±2.7","6,778","±415","50.6%","±1.7","14,293","±744","50.4%","±1.6","2,589","±422","53.2%","±3.7","4,932","±360","49.9%","±2.3","10,811","±653","46.2%","±2.2","14,527","±901","50.6%","±2.2","15,208","±928","48.2%","±2.1","12,012","±729","49.2%","±1.7","12,125","±700","48.4%","±1.7","10,758","±759","45.5%","±1.9","12,290","±809","45.3%","±2.0","9,900","±708","51.9%","±2.2","6,934","±743","48.7%","±3.2","10,336","±687","49.3%","±2.3","11,248","±922","48.6%","±1.9","8,729","±589","49.3%","±1.9","3,742","±378","49.2%","±3.3","11,395","±638","46.2%","±1.6","11,601","±784","50.5%","±2.0"
"        Female","4,322","±271","48.8%","±2.0","6,824","±450","49.2%","±2.2","7,036","±359","49.4%","±1.8","3,206","±339","49.1%","±2.2","4,105","±341","49.4%","±2.7","8,932","±473","49.3%","±1.6","9,471","±804","51.8%","±1.5","7,178","±686","49.4%","±2.4","6,135","±448","51.0%","±2.6","791","±114","49.4%","±3.1","1,420","±192","49.5%","±2.7","1,801","±220","47.5%","±2.7","6,623","±292","49.4%","±1.7","14,047","±630","49.6%","±1.6","2,280","±273","46.8%","±3.7","4,948","±398","50.1%","±2.3","12,574","±816","53.8%","±2.2","14,187","±1,005","49.4%","±2.2","16,354","±911","51.8%","±2.1","12,407","±660","50.8%","±1.7","12,906","±714","51.6%","±1.7","12,891","±920","54.5%","±1.9","14,820","±919","54.7%","±2.0","9,181","±623","48.1%","±2.2","7,300","±621","51.3%","±3.2","10,609","±857","50.7%","±2.3","11,904","±500","51.4%","±1.9","8,990","±492","50.7%","±1.9","3,868","±460","50.8%","±3.3","13,283","±626","53.8%","±1.6","11,385","±610","49.5%","±2.0"