Zip Code,City,County
49301,Ada,Kent County
49302,Alto,Kent County
49306,Belmont,Kent County
49315,Byron Center,Kent County
49316,Dutton,Kent County
49316,Caledonia,Kent County
49317,Cannonsburg,Kent County
49319,Cedar Springs,Kent County
49321,Comstock Park,Kent County
49326,Gowen,Kent County
49330,Kent City,Kent County
49331,Lowell,Kent County
49341,Rockford,Kent County
49343,Sand Lake,Kent County
49345,Sparta,Kent County
49418,Grandville,Kent County
49418,Wyoming,Kent County
49468,Grandville,Kent County
49501,Grand Rapids,Kent County
49503,Grand Rapids,Kent County
49504,Grand Rapids,Kent County
49505,Grand Rapids,Kent County
49506,East Grand Rapids,Kent County
49506,Grand Rapids,Kent County
49507,Grand Rapids,Kent County
49508,Grand Rapids,Kent County
49508,Kentwood,Kent County
49508,Wyoming,Kent County
49509,Grand Rapids,Kent County
49509,Wyoming,Kent County
49510,Grand Rapids,Kent County
49512,Grand Rapids,Kent County
49512,Kentwood,Kent County
49514,Grand Rapids,Kent County
49515,Grand Rapids,Kent County
49516,Grand Rapids,Kent County
49518,Grand Rapids,Kent County
49518,Kentwood,Kent County
49523,Grand Rapids,Kent County
49525,Grand Rapids,Kent County
49544,Grand Rapids,Kent County
49546,Grand Rapids,Kent County
49548,Grand Rapids,Kent County
49548,Kentwood,Kent County
49548,Wyoming,Kent County
49588,Grand Rapids,Kent County
49599,Grand Rapids,Kent County